feature,delta_SHAP_alta_menos_baixa
Q_40800001,-0.635799145120072
P_2044024,0.7921092846813138
P_2045002,0.9416991812410989
P_2044042,0.986292083552591
Q_40050000,3.133450335244291
P_1946000,3.1631758065818794
P_2044016,5.737241892303547
Q_40185000,6.522404365585021
P_2046013,7.913575451432078
P_1944059,7.921511356588341
P_2044008,8.969884878259046
P_1945008,10.912565757055487
P_1944063,22.043022081170495
P_1945002,22.151271013697354
Q_40032000,23.749620691141995
Q_40060001,30.244538422176213
Q_40330000,55.25698286772746
Q_40850000,57.81672704762997
Q_40930000,68.55096442419527
Q_40100000,235.7750403794417
