data,observado,regime,MLP_All,MLP_Corr,MLP_MI,MLP_SHAP
2018-06-13,110.71,Baixa vazao,107.6332,96.07137,116.424225,106.6064
2018-06-14,108.65,Baixa vazao,96.365364,93.01612,112.12037,105.193146
2018-06-15,108.81,Baixa vazao,91.999146,90.56739,109.32298,101.90413
2018-06-16,101.06,Baixa vazao,93.946625,91.19526,108.19565,103.87871
2018-06-17,100.94,Baixa vazao,91.14988,86.990166,100.70825,102.42549
2018-06-18,101.1,Baixa vazao,90.18592,86.03698,100.14468,101.1622
2018-06-19,101.13,Baixa vazao,86.76461,83.38186,96.1158,98.95425
2018-06-20,92.69,Baixa vazao,88.916145,84.53953,97.96616,100.12825
2018-06-21,81.99,Baixa vazao,87.38167,82.95277,95.83742,98.730316
2018-06-22,79.41,Baixa vazao,88.33429,83.90606,97.37735,99.10931
2018-06-23,78.82,Baixa vazao,85.478065,81.97654,94.818146,96.911674
2018-06-24,73.25,Baixa vazao,87.77922,81.37463,94.8977,96.27506
2018-06-25,73.27,Baixa vazao,84.50253,83.64244,94.0932,96.59007
2018-06-26,65.47,Baixa vazao,85.444565,84.484566,95.50737,96.872444
2018-06-27,65.7,Baixa vazao,84.50524,82.499855,92.7825,95.8609
2018-06-28,65.48,Baixa vazao,82.033775,80.10996,88.54641,94.23046
2018-06-29,66.69,Baixa vazao,81.71568,80.30593,88.86119,93.95362
2018-06-30,66.34,Baixa vazao,79.18701,78.581696,86.5732,91.914276
2018-07-01,61.62,Baixa vazao,78.167046,77.37257,84.84596,91.1639
2018-07-02,69.71,Baixa vazao,78.06802,76.92037,83.90289,91.1639
2018-07-03,64.62,Baixa vazao,76.67364,74.74561,84.21801,90.22721
2018-07-04,66.7,Baixa vazao,74.542465,71.287254,82.64223,88.75878
2018-07-05,64.53,Baixa vazao,72.66815,70.54178,81.73745,87.31476
2018-07-06,64.59,Baixa vazao,71.79963,69.14019,80.43508,86.80261
2018-07-07,59.99,Baixa vazao,70.93586,67.749504,79.14456,86.293655
2018-07-08,59.83,Baixa vazao,69.006485,66.29858,76.60399,85.09961
2018-07-09,60.06,Baixa vazao,67.14618,65.134514,75.45735,83.71287
2018-07-10,51.85,Baixa vazao,66.54811,64.26159,74.31406,83.29874
2018-07-11,49.36,Baixa vazao,66.6719,64.274506,74.191605,83.29874
2018-07-12,52.83,Baixa vazao,65.52563,63.036602,72.70593,82.478516
2018-07-13,53.14,Baixa vazao,63.527473,62.043793,71.34278,81.3273
2018-07-14,54.91,Baixa vazao,67.82442,64.960396,75.39008,83.716736
2018-07-15,62.78,Baixa vazao,65.52711,63.824963,74.28603,82.07229
2018-07-16,48.27,Baixa vazao,64.761696,63.5781,74.11304,81.527145
2018-07-17,48.5,Baixa vazao,59.52125,59.08466,68.67473,78.03654
2018-07-18,44.11,Baixa vazao,58.19799,58.25913,67.846176,77.026726
2018-07-19,50.36,Baixa vazao,61.96879,61.170235,71.70961,79.43781
2018-07-20,46.65,Baixa vazao,61.09441,60.26932,70.34912,78.91072
2018-07-21,48.5,Baixa vazao,58.514305,57.972027,67.645805,77.164474
2018-07-22,48.28,Baixa vazao,56.21733,55.9945,64.76969,75.77364
2018-07-23,49.49,Baixa vazao,56.712605,56.786533,66.42966,75.8339
2018-07-24,56.94,Baixa vazao,54.21032,54.30336,62.43692,74.46267
2018-07-25,57.12,Baixa vazao,52.99498,52.962807,62.307774,73.8168
2018-07-26,54.95,Baixa vazao,54.992157,54.820602,64.7875,74.97977
2018-07-27,45.97,Baixa vazao,50.962322,51.832825,60.91538,72.43292
2018-07-28,36.84,Baixa vazao,45.12935,47.80614,56.53356,68.810905
2018-07-29,37.72,Baixa vazao,46.172626,49.930927,60.649788,69.20005
2018-07-30,37.95,Baixa vazao,48.941513,50.473385,59.89815,71.059265
2018-07-31,37.73,Baixa vazao,46.861313,48.534443,57.62935,69.8154
2018-08-01,37.93,Baixa vazao,45.88781,47.70597,56.40442,69.32092
2018-08-02,37.84,Baixa vazao,47.097343,48.1826,57.75669,70.12597
2018-08-03,38.72,Baixa vazao,45.71317,49.571022,59.203312,72.43176
2018-08-04,38.95,Baixa vazao,68.81313,62.39268,64.10258,101.05417
2018-08-05,46.36,Baixa vazao,202.11484,86.166664,93.60463,113.934586
2018-08-06,46.59,Baixa vazao,83.08939,96.92045,108.33064,90.96234
2018-08-07,47.45,Baixa vazao,116.72483,116.14509,140.13908,96.784615
2018-08-08,39.76,Baixa vazao,106.34226,112.10923,134.98605,122.30922
2018-08-09,47.56,Baixa vazao,107.54597,111.72704,124.5139,118.383316
2018-08-10,47.36,Baixa vazao,109.70248,117.64323,133.48572,116.5698
2018-08-11,55.23,Baixa vazao,128.49303,132.80305,144.07166,132.88263
2018-08-12,51.02,Baixa vazao,171.41281,176.44852,189.81322,168.89108
2018-08-13,55.2,Baixa vazao,92.74728,90.80833,100.892395,105.16454
2018-08-14,56.09,Baixa vazao,86.74296,83.83103,93.67728,99.86102
2018-08-15,56.06,Baixa vazao,83.183815,75.974815,85.842865,94.11625
2018-08-16,56.18,Baixa vazao,79.380844,71.8276,82.89461,92.241394
2018-08-17,53.0,Baixa vazao,78.588875,66.98304,77.516174,89.368866
2018-08-18,51.23,Baixa vazao,108.830246,67.06046,77.8875,111.086494
2018-08-19,51.0,Baixa vazao,80.39214,63.898838,73.14455,89.41647
2018-08-20,51.23,Baixa vazao,69.541695,67.312706,77.3814,86.39859
2018-08-21,52.04,Baixa vazao,65.840324,64.713104,75.946075,84.037506
2018-08-22,52.16,Baixa vazao,64.16811,64.23248,76.30948,82.28173
2018-08-23,52.13,Baixa vazao,64.24012,62.81313,74.47439,82.02029
2018-08-24,52.02,Baixa vazao,62.179024,61.616917,72.85983,80.36929
2018-08-25,59.84,Baixa vazao,61.03637,59.638397,70.818405,79.73569
2018-08-26,60.63,Baixa vazao,64.421585,62.470295,73.49381,82.18269
2018-08-27,53.23,Baixa vazao,53.985195,55.7632,64.90912,76.520195
2018-08-28,53.0,Baixa vazao,49.241184,51.03735,60.693558,71.95349
2018-08-29,45.59,Baixa vazao,49.291992,50.59383,58.679764,72.26404
2018-08-30,45.43,Baixa vazao,49.202248,50.392212,59.12966,72.03044
2018-08-31,37.81,Baixa vazao,50.11756,51.213047,59.886864,72.71748
2018-09-01,46.54,Baixa vazao,49.508293,50.2838,58.994373,72.45607
2018-09-02,34.85,Baixa vazao,48.971504,50.207653,58.565315,72.09128
2018-09-03,31.01,Baixa vazao,47.423443,49.66844,57.581528,71.16901
2018-09-04,24.02,Baixa vazao,43.13884,46.68091,53.21619,68.67024
2018-09-05,26.24,Baixa vazao,42.995888,46.50931,52.37297,68.56229
2018-09-06,17.24,Baixa vazao,40.486195,44.68774,50.246193,66.897766
2018-09-07,25.46,Baixa vazao,40.430016,45.48347,51.348778,67.13487
2018-09-08,26.78,Baixa vazao,43.38021,47.693863,52.81314,68.28355
2018-09-09,17.26,Baixa vazao,41.72522,46.162426,51.03325,67.33207
2018-09-10,23.9,Baixa vazao,39.161697,44.744267,50.41596,65.5993
2018-09-11,14.52,Baixa vazao,36.93084,43.226143,47.726585,64.42971
2018-09-12,15.86,Baixa vazao,35.991516,42.460445,46.20009,63.84801
2018-09-13,25.05,Baixa vazao,36.076458,42.0543,45.923943,63.96547
2018-09-14,18.99,Baixa vazao,38.773655,44.24673,48.91799,65.42392
2018-09-15,16.83,Baixa vazao,65.95853,45.115482,49.976078,68.326706
2018-09-16,24.61,Baixa vazao,112.106316,63.080643,81.49097,78.08597
2018-09-17,34.24,Baixa vazao,99.37025,83.652756,86.12148,96.894226
2018-09-18,32.65,Baixa vazao,52.06203,78.05143,89.474365,88.39641
2018-09-19,44.93,Baixa vazao,112.347725,95.60645,107.276054,95.269775
2018-09-20,56.41,Baixa vazao,94.92936,106.610115,111.02748,111.89521
2018-09-21,63.23,Baixa vazao,146.14117,108.8924,116.78044,175.56627
2018-09-22,67.93,Baixa vazao,305.7171,137.8301,159.61034,126.942955
2018-09-23,71.87,Baixa vazao,135.6707,143.06535,139.97604,150.49069
2018-09-24,82.56,Baixa vazao,107.971344,116.0626,122.495514,118.956604
2018-09-25,100.29,Baixa vazao,103.43211,102.91265,104.3076,116.21262
2018-09-26,104.97,Baixa vazao,84.60488,80.51411,85.734924,98.605644
2018-09-27,94.78,Baixa vazao,68.36177,66.39953,71.53845,85.45712
2018-09-28,89.23,Baixa vazao,58.786015,58.175602,65.42913,78.48047
2018-09-29,76.12,Baixa vazao,84.05042,54.034412,61.033787,74.22081
2018-09-30,65.0,Baixa vazao,40.074715,49.525555,57.42004,70.34269
2018-10-01,50.31,Baixa vazao,71.03831,49.969643,58.884705,69.5745
2018-10-02,35.22,Baixa vazao,140.22542,59.144665,74.02371,96.26018
2018-10-03,32.79,Baixa vazao,64.51753,60.27348,74.93951,82.46936
2018-10-04,36.03,Baixa vazao,95.037056,60.863018,80.42175,76.29444
2018-10-05,43.86,Baixa vazao,65.98857,79.03332,105.1669,79.878876
2018-10-06,67.62,Baixa vazao,102.34043,98.596634,112.37916,110.515564
2018-10-07,74.3,Baixa vazao,140.47318,105.18682,109.21611,116.9935
2018-10-08,81.82,Baixa vazao,152.92706,100.20782,111.37898,146.77823
2018-10-09,81.67,Baixa vazao,227.12473,89.25602,106.26474,293.7054
2018-10-10,88.61,Baixa vazao,124.03456,86.90721,105.08948,141.24744
2018-10-11,111.64,Baixa vazao,121.63392,86.408806,104.1096,136.17691
2018-10-12,122.23,Baixa vazao,122.221535,89.367424,105.54576,135.43964
2018-10-13,133.81,Baixa vazao,239.55504,91.13537,102.902,129.2125
2018-10-14,122.33,Baixa vazao,153.40747,87.543434,97.55828,122.75571
2018-10-15,121.33,Baixa vazao,106.57813,81.63433,96.643295,117.43433
2018-10-16,135.22,Baixa vazao,99.71058,82.62641,99.12042,111.6758
2018-10-17,136.22,Baixa vazao,259.2434,93.49344,120.85566,276.32394
2018-10-18,143.17,Baixa vazao,154.36101,117.233604,139.4898,135.67206
2018-10-19,162.06,Normal,160.08286,120.404106,150.96085,126.74445
2018-10-20,187.21,Normal,183.22137,126.09285,146.52641,141.42113
2018-10-21,202.97,Normal,178.9374,144.19582,179.63873,144.4523
2018-10-22,218.87,Normal,222.8154,174.58029,196.89883,254.04439
2018-10-23,230.99,Normal,255.76564,162.30495,179.46832,249.40396
2018-10-24,230.87,Normal,226.46272,141.32954,153.45248,216.60242
2018-10-25,230.56,Normal,234.29427,120.11751,132.20393,184.7181
2018-10-26,225.56,Normal,251.93784,186.88756,175.10062,233.62808
2018-10-27,232.5,Normal,446.75513,211.81395,212.03763,266.69604
2018-10-28,231.5,Normal,388.55267,193.44917,204.70825,613.4394
2018-10-29,225.56,Normal,235.7857,184.87015,227.45775,281.89352
2018-10-30,212.22,Normal,235.99365,190.98427,233.61171,245.4574
2018-10-31,233.72,Normal,292.07477,191.46623,220.1684,397.09207
2018-11-01,233.72,Normal,188.80714,166.55867,188.64888,189.53613
2018-11-02,219.83,Normal,147.48305,130.88338,145.54475,153.91113
2018-11-03,189.06,Normal,201.97443,125.949425,142.74724,150.98445
2018-11-04,161.28,Normal,402.50372,126.742096,147.74304,158.2944
2018-11-05,164.28,Normal,315.64267,146.323,180.56317,155.39963
2018-11-06,199.0,Normal,221.5586,194.71523,202.13586,226.07184
2018-11-07,289.11,Normal,233.53029,203.55879,210.51077,213.20175
2018-11-08,292.94,Normal,233.70085,197.98146,225.17567,202.72882
2018-11-09,400.31,Normal,562.3722,302.70575,317.01147,598.33527
2018-11-10,569.84,Normal,937.2768,745.47406,441.07123,1135.6422
2018-11-11,646.11,Normal,846.94275,795.68805,681.7795,1014.9923
2018-11-12,848.87,Normal,718.9991,734.4244,758.81726,711.8086
2018-11-13,994.59,Alta vazao,676.9753,700.9034,765.19525,718.1697
2018-11-14,1001.42,Alta vazao,762.3635,694.0922,776.8433,793.5612
2018-11-15,963.64,Alta vazao,724.6536,638.51105,681.7136,747.09875
2018-11-16,888.35,Normal,724.7346,635.1281,647.2087,741.9901
2018-11-17,814.28,Normal,855.7668,660.73206,702.84674,780.0639
2018-11-18,685.46,Normal,666.31805,589.45233,626.7448,660.3071
2018-11-19,568.79,Normal,586.0004,509.98328,563.4655,521.70703
2018-11-20,510.34,Normal,812.9964,514.67596,566.1783,631.1741
2018-11-21,663.38,Normal,1380.1312,931.5026,776.9684,1421.1415
2018-11-22,777.04,Normal,1203.8912,959.0093,1127.0819,1052.6283
2018-11-23,928.59,Alta vazao,1179.4736,1188.5104,1416.2169,1044.1964
2018-11-24,1227.43,Alta vazao,1269.4448,1490.4296,1634.4996,1280.1544
2018-11-25,1317.48,Alta vazao,1601.1505,1841.9552,1541.9912,1561.4989
2018-11-26,1397.73,Alta vazao,1699.9928,1814.2855,1553.0142,1649.2972
2018-11-27,1397.5,Alta vazao,1606.3126,1576.6825,1556.1802,1473.1925
2018-11-28,1305.94,Alta vazao,1169.8328,1250.7264,1439.9563,1209.1339
2018-11-29,1221.92,Alta vazao,1124.2771,1163.6584,1306.9513,1158.1254
2018-11-30,1132.37,Alta vazao,1052.7797,1049.3744,1136.609,1086.2626
2018-12-01,1070.1,Alta vazao,1016.7476,949.45654,1041.4229,1043.0559
2018-12-02,1035.91,Alta vazao,1346.959,981.49255,1078.5107,1134.2141
2018-12-03,1025.35,Alta vazao,1323.777,1061.6758,1147.418,1290.1764
2018-12-04,1010.92,Alta vazao,1654.5388,1200.1261,1375.1321,2199.5315
2018-12-05,1019.53,Alta vazao,1262.9789,1271.6063,1457.547,1263.333
2018-12-06,986.09,Alta vazao,1127.9257,1167.3326,1273.477,1161.348
2018-12-07,930.02,Alta vazao,1097.5887,1029.7418,1079.1239,1086.9967
2018-12-08,896.15,Alta vazao,1161.3132,1132.0863,996.6201,1212.5321
2018-12-09,868.13,Normal,1215.0011,1176.8224,1069.4711,1144.0074
2018-12-10,809.14,Normal,984.0943,1068.2323,975.1275,1002.3666
2018-12-11,780.67,Normal,785.9438,935.4688,869.90393,853.11584
2018-12-12,731.36,Normal,721.7129,825.89154,770.3365,773.0565
2018-12-13,656.77,Normal,605.6922,681.1883,662.6779,646.2932
2018-12-14,584.26,Normal,600.84436,554.2416,566.31915,535.463
2018-12-15,511.04,Normal,485.0761,486.16736,513.68756,484.81165
2018-12-16,492.98,Normal,431.36374,452.77246,483.8062,459.1036
2018-12-17,467.29,Normal,424.77466,425.6253,467.91406,447.29147
2018-12-18,412.65,Normal,373.8771,367.97812,411.1362,393.0885
2018-12-19,371.43,Normal,381.18585,363.5311,405.09476,399.05832
2018-12-20,352.33,Normal,358.06824,338.93335,376.56525,369.1184
2018-12-21,308.96,Normal,409.78653,334.94385,376.78735,362.1802
2018-12-22,300.76,Normal,422.18353,330.17816,375.9958,353.11157
2018-12-23,283.84,Normal,349.0238,319.37247,363.01257,344.64542
2018-12-24,292.3,Normal,408.54102,332.84528,375.94202,356.55722
2018-12-25,309.43,Normal,451.15308,373.37885,430.75372,364.7877
2018-12-26,360.81,Normal,567.85974,407.95404,469.8531,497.9294
2018-12-27,458.96,Normal,800.1249,416.97192,469.81976,1131.5726
2018-12-28,585.12,Normal,690.931,469.84406,549.7405,735.2362
2018-12-29,676.6,Normal,891.41425,656.2669,691.02783,852.12146
2018-12-30,717.34,Normal,784.28033,734.4129,718.41364,720.02893
2018-12-31,701.71,Normal,973.9582,942.29034,801.1966,960.1891
2019-01-01,808.92,Normal,815.6838,980.3073,899.55005,804.8508
2019-01-02,935.11,Alta vazao,1203.5275,1154.5206,1129.4822,1123.0543
2019-01-03,842.74,Normal,1005.7243,1141.0846,1048.4358,1109.0242
2019-01-04,856.7,Normal,1046.739,1075.9172,980.73016,1068.5033
2019-01-05,794.2,Normal,982.7371,977.6725,898.487,987.7764
2019-01-06,730.55,Normal,1068.6151,895.4585,815.39856,932.25354
2019-01-07,697.14,Normal,725.5285,717.5267,666.9763,792.98615
2019-01-08,622.29,Normal,627.375,628.19147,604.55194,682.26636
2019-01-09,592.44,Normal,678.2646,568.9345,571.2905,615.4796
2019-01-10,560.65,Normal,537.4809,486.0642,528.4959,546.52594
2019-01-11,509.19,Normal,560.0168,432.80743,489.23865,598.6199
2019-01-12,426.78,Normal,521.45996,400.88937,439.84146,563.6693
2019-01-13,382.1,Normal,480.5788,361.60217,390.4423,525.00385
2019-01-14,367.29,Normal,455.54892,336.78387,362.02765,501.79718
2019-01-15,339.81,Normal,430.97662,309.60965,333.71536,480.08575
2019-01-16,336.19,Normal,409.7092,288.6471,311.58594,460.3926
2019-01-17,317.67,Normal,393.63895,270.3695,293.22134,445.34903
2019-01-18,302.56,Normal,487.5134,283.26355,305.03207,477.04233
2019-01-19,293.36,Normal,339.53198,257.22302,281.6321,371.30847
2019-01-20,293.36,Normal,297.27322,255.73944,284.19415,312.25284
2019-01-21,271.38,Normal,277.8316,257.5818,277.17554,287.6559
2019-01-22,245.91,Normal,322.34988,252.34203,274.25095,275.0836
2019-01-23,236.42,Normal,268.44098,250.16663,269.80762,271.97495
2019-01-24,236.42,Normal,259.78232,257.2602,277.4713,270.38736
2019-01-25,236.42,Normal,270.46786,257.68512,273.30438,279.51337
2019-01-26,236.42,Normal,262.37067,249.52905,264.2095,270.126
2019-01-27,244.98,Normal,337.56226,245.74858,260.24677,261.95816
2019-01-28,262.11,Normal,507.3695,250.21527,267.82776,711.79126
2019-01-29,252.85,Normal,253.28113,239.03429,255.32408,260.1552
2019-01-30,234.33,Normal,266.12036,247.38281,273.7031,270.20065
2019-01-31,252.85,Normal,307.30957,254.88147,280.13037,287.36697
2019-02-01,271.37,Normal,271.05997,243.9288,267.73364,274.44266
2019-02-02,271.37,Normal,275.19556,243.05708,264.03067,279.20944
2019-02-03,252.85,Normal,242.17487,212.67961,235.43451,241.57938
2019-02-04,234.33,Normal,236.16019,206.0006,228.90173,234.39696
2019-02-05,215.81,Normal,373.49246,241.03362,281.39282,228.73436
2019-02-06,226.93,Normal,256.59445,230.2601,259.62292,232.75049
2019-02-07,264.89,Normal,481.81656,280.81372,321.7849,341.0154
2019-02-08,312.34,Normal,579.6254,423.8235,383.40683,522.1221
2019-02-09,350.23,Normal,449.23825,428.34546,437.1584,410.02402
2019-02-10,371.83,Normal,375.11288,462.27234,491.13977,411.14883
2019-02-11,396.88,Normal,511.7944,533.6696,553.5407,511.4581
2019-02-12,409.26,Normal,690.24335,556.94855,556.86,573.4646
2019-02-13,410.76,Normal,525.50385,554.98035,565.7007,547.73663
2019-02-14,412.41,Normal,498.99194,422.7978,439.26025,432.74454
2019-02-15,391.14,Normal,578.37494,463.7974,458.4472,621.5617
2019-02-16,406.25,Normal,628.15607,422.82227,512.92523,658.5536
2019-02-17,434.72,Normal,606.4394,447.5459,582.70233,533.1671
2019-02-18,483.33,Normal,889.8704,936.0704,703.4256,929.1146
2019-02-19,519.36,Normal,952.86566,1036.3389,913.476,849.8805
2019-02-20,692.67,Normal,1076.0985,1017.13916,1139.4937,1016.6592
2019-02-21,919.83,Alta vazao,1200.8025,1241.6146,1417.3262,1216.6007
2019-02-22,1066.13,Alta vazao,1626.0062,1667.5033,1649.2026,1563.8575
2019-02-23,1138.81,Alta vazao,1484.6383,1933.5326,1798.3041,1626.7035
2019-02-24,1092.44,Alta vazao,1402.6283,1681.8324,1770.8738,1496.3143
2019-02-25,1052.7,Alta vazao,1514.2073,1570.9073,1662.7292,1584.3802
2019-02-26,996.76,Alta vazao,1400.4719,1368.867,1457.4137,1437.0089
2019-02-27,918.4,Alta vazao,1093.8209,1085.3992,1125.5486,1146.1378
2019-02-28,866.71,Normal,1506.6243,1030.1495,991.4388,1728.7758
2019-03-01,913.36,Alta vazao,1178.416,938.7907,939.5994,967.31757
2019-03-02,927.32,Alta vazao,1458.5818,1179.7804,1091.8048,1222.9918
2019-03-03,948.31,Alta vazao,1779.0858,1543.325,1269.3024,1670.1241
2019-03-04,1013.5,Alta vazao,1797.5929,1674.5266,1379.5695,1661.3854
2019-03-05,1050.25,Alta vazao,1796.2394,1947.2195,1609.26,1867.8683
2019-03-06,1079.45,Alta vazao,1771.5181,1782.9753,1697.4702,1821.8833
2019-03-07,1088.23,Alta vazao,1949.3154,1788.538,1760.9219,1939.4884
2019-03-08,1068.81,Alta vazao,1863.7649,1720.8827,1737.9692,1869.0577
2019-03-09,1010.47,Alta vazao,1741.511,1592.9244,1660.6033,1745.6659
2019-03-10,942.37,Alta vazao,1689.2911,1470.778,1533.9131,1626.67
2019-03-11,948.12,Alta vazao,1443.5161,1289.1093,1346.1787,1419.9784
2019-03-12,940.6,Alta vazao,1474.7843,1135.2744,1203.6599,1251.8983
2019-03-13,911.31,Alta vazao,1334.3453,1042.1608,1105.4149,1175.0116
2019-03-14,881.19,Normal,1299.4158,1048.8705,1117.7322,1139.4165
2019-03-15,845.21,Normal,1221.5118,1001.8759,1050.7662,1105.8025
2019-03-16,822.9,Normal,1088.2638,936.74994,979.58026,1009.2335
2019-03-17,803.39,Normal,1121.1827,898.8399,965.3298,957.24963
2019-03-18,744.95,Normal,1029.1636,946.8347,1043.1857,943.45886
2019-03-19,773.33,Normal,1013.72473,1109.9806,1055.8883,1016.51044
2019-03-20,734.33,Normal,1340.5704,1090.7467,996.59686,1244.725
2019-03-21,709.17,Normal,1172.3276,941.28015,931.44025,999.7346
2019-03-22,716.89,Normal,1263.2936,1054.2021,1002.1539,1227.2726
2019-03-23,1085.33,Alta vazao,1840.8972,1705.195,1699.2173,1767.1542
2019-03-24,1120.23,Alta vazao,1390.8021,1442.3002,1521.6333,1407.3859
2019-03-25,1056.22,Alta vazao,1229.974,1202.7311,1282.2795,1187.2377
2019-03-26,966.58,Alta vazao,1116.3551,1064.9126,1103.2198,1076.0461
2019-03-27,857.7,Normal,1002.45355,951.6176,992.43475,976.97864
2019-03-28,769.18,Normal,915.0288,857.1884,892.5039,890.9072
2019-03-29,654.87,Normal,818.5605,756.449,781.52405,800.27795
2019-03-30,572.64,Normal,778.0594,661.5187,687.7159,714.51855
2019-03-31,514.19,Normal,703.37555,606.2361,627.925,656.49084
2019-04-01,489.41,Normal,632.03326,562.89935,580.75653,613.563
2019-04-02,459.46,Normal,741.34125,649.4422,677.42926,722.3235
2019-04-03,438.69,Normal,722.1406,640.3486,655.20935,703.794
2019-04-04,453.27,Normal,752.02435,674.2746,678.90045,737.14905
2019-04-05,427.5,Normal,660.9522,589.7368,610.1568,643.60693
2019-04-06,409.73,Normal,714.5141,567.88043,571.8599,632.4687
2019-04-07,405.24,Normal,717.4777,520.23004,533.42633,586.5803
2019-04-08,413.47,Normal,865.07513,517.71814,523.2129,782.8093
2019-04-09,409.1,Normal,646.2022,518.09204,540.9813,569.45935
2019-04-10,418.78,Normal,621.8935,517.61957,531.98944,559.2219
2019-04-11,438.55,Normal,578.9858,565.06537,540.3876,585.3977
2019-04-12,436.91,Normal,581.00885,541.33966,562.6122,566.8376
2019-04-13,431.86,Normal,580.67645,542.7749,547.9493,559.8154
2019-04-14,415.82,Normal,553.1925,514.02936,513.8624,541.9867
2019-04-15,397.73,Normal,596.67773,491.05667,488.86847,524.47314
2019-04-16,386.0,Normal,681.3487,526.7962,498.9199,553.1083
2019-04-17,392.96,Normal,699.1981,647.08514,607.8171,605.439
2019-04-18,425.02,Normal,841.7187,918.4857,811.3236,799.8845
2019-04-19,487.43,Normal,722.9862,763.8995,853.53046,675.06665
2019-04-20,557.0,Normal,699.12787,727.5046,775.1917,689.3988
2019-04-21,577.0,Normal,661.1615,629.7528,656.5602,628.5974
2019-04-22,527.33,Normal,613.9244,580.0054,593.01556,599.92163
2019-04-23,457.59,Normal,608.8902,546.28424,558.49506,575.90894
2019-04-24,417.63,Normal,599.2946,550.74225,531.08856,570.933
2019-04-25,378.05,Normal,539.54816,509.30463,492.62317,545.24054
2019-04-26,357.98,Normal,459.98984,455.81287,456.8928,485.51004
2019-04-27,348.05,Normal,478.06198,425.60876,434.66125,461.25552
2019-04-28,338.19,Normal,424.49652,407.56946,425.02844,447.4713
2019-04-29,327.05,Normal,413.26794,390.54327,409.2292,435.37366
2019-04-30,318.31,Normal,403.28894,381.65247,398.23535,427.21384
2019-05-01,308.28,Normal,420.82275,379.556,399.44086,426.49643
2019-05-02,317.1,Normal,390.13614,369.88782,398.30954,412.92133
2019-05-03,317.31,Normal,564.39606,424.80746,457.68613,491.7515
2019-05-04,317.24,Normal,520.1417,431.55453,461.26028,514.3059
2019-05-05,329.05,Normal,547.8631,443.66592,448.6485,510.8735
2019-05-06,329.28,Normal,544.1419,408.05676,424.2269,528.85016
2019-05-07,329.17,Normal,406.6054,370.22467,394.02344,432.1031
2019-05-08,332.19,Normal,363.97137,342.2422,361.21643,393.59567
2019-05-09,329.48,Normal,359.50262,336.29236,355.3057,386.3143
2019-05-10,319.48,Normal,371.1002,326.6978,346.93,375.10583
2019-05-11,299.54,Normal,349.1978,330.5334,339.96603,374.13745
2019-05-12,302.49,Normal,330.55505,312.89056,328.37744,351.0283
2019-05-13,299.51,Normal,323.25803,307.57843,321.19653,340.9695
2019-05-14,299.63,Normal,319.76385,306.72632,319.58356,334.8462
2019-05-15,294.56,Normal,311.37585,300.10693,312.29596,324.45578
2019-05-16,289.58,Normal,722.63007,307.54486,318.15887,559.6938
2019-05-17,309.4,Normal,576.73474,361.71692,361.59705,527.9183
2019-05-18,378.21,Normal,703.11884,387.00314,376.9163,521.59766
2019-05-19,437.94,Normal,490.91544,375.4926,376.85922,550.43335
2019-05-20,412.05,Normal,444.90128,366.42603,364.01282,481.5458
2019-05-21,408.37,Normal,460.6682,380.9931,379.95807,505.6213
2019-05-22,418.2,Normal,517.6998,422.07196,429.44626,562.25385
2019-05-23,408.16,Normal,511.5068,398.9519,416.85083,557.6841
2019-05-24,378.51,Normal,482.798,367.0962,380.73877,530.12305
2019-05-25,338.58,Normal,499.3947,347.93414,360.47632,518.4827
2019-05-26,318.68,Normal,472.35318,349.8072,362.61694,520.177
2019-05-27,312.86,Normal,406.82016,327.46875,340.3769,443.7592
2019-05-28,281.09,Normal,358.4864,300.30582,312.9796,390.79355
2019-05-29,271.14,Normal,324.8051,277.36475,288.21375,352.92142
2019-05-30,261.19,Normal,301.845,266.58447,277.6089,323.80228
2019-05-31,251.23,Normal,279.9769,255.79895,266.51993,291.86887
2019-06-01,244.37,Normal,270.81668,249.35942,258.85196,281.16367
2019-06-02,231.49,Normal,248.37267,233.30638,241.02042,258.35046
2019-06-03,231.65,Normal,252.78305,235.92793,245.7103,261.9203
2019-06-04,231.58,Normal,247.91983,232.34285,241.02441,256.88507
2019-06-05,231.53,Normal,317.5625,232.14064,245.8293,271.0272
2019-06-06,231.46,Normal,257.2834,226.88542,240.57082,247.74362
2019-06-07,221.68,Normal,233.14897,219.62468,231.1409,241.53745
2019-06-08,211.68,Normal,233.88257,220.25815,232.32909,241.60156
2019-06-09,217.56,Normal,236.03983,222.65057,234.13371,242.2088
2019-06-10,212.73,Normal,226.39984,212.9724,222.99591,233.14767
2019-06-11,201.03,Normal,223.22055,210.86583,220.2363,229.70615
2019-06-12,188.86,Normal,223.2316,210.87273,221.85785,228.38266
2019-06-13,191.09,Normal,222.6871,210.27393,221.30011,227.64815
2019-06-14,191.93,Normal,222.05457,209.54591,220.0549,226.81105
2019-06-15,184.02,Normal,220.87659,208.9685,219.65005,225.32468
2019-06-16,184.06,Normal,216.10684,204.429,214.00862,220.64154
2019-06-17,173.96,Normal,212.15129,200.41255,209.29587,216.48987
2019-06-18,174.17,Normal,210.56244,198.59007,207.26453,215.24147
2019-06-19,164.15,Normal,207.73999,196.36086,206.1516,211.6414
2019-06-20,159.4,Normal,207.86797,196.2602,206.30814,211.41295
2019-06-21,171.26,Normal,203.90506,192.57649,202.32419,206.95087
2019-06-22,169.27,Normal,198.15033,185.76256,195.06203,201.24486
2019-06-23,161.4,Normal,194.82289,182.91237,193.01932,197.17717
2019-06-24,149.23,Baixa vazao,193.04239,181.6144,191.31711,195.3959
2019-06-25,142.55,Baixa vazao,190.41034,178.78218,189.30911,192.47127
2019-06-26,133.44,Baixa vazao,188.58347,177.73631,187.53062,190.14441
2019-06-27,142.4,Baixa vazao,190.75827,181.1326,190.47858,191.62375
2019-06-28,141.52,Baixa vazao,187.79018,175.92073,184.73532,188.52257
2019-06-29,141.32,Baixa vazao,182.23126,170.06194,177.27014,183.97064
2019-06-30,141.55,Baixa vazao,183.06958,171.08177,178.88156,183.9878
2019-07-01,131.48,Baixa vazao,178.08875,167.12076,174.66022,179.59193
2019-07-02,134.65,Baixa vazao,176.84058,164.67433,171.3891,177.96109
2019-07-03,130.24,Baixa vazao,175.96674,164.3218,170.71402,176.61237
2019-07-04,133.16,Baixa vazao,180.96132,165.72404,172.13196,176.66959
2019-07-05,134.94,Baixa vazao,178.45139,165.37335,171.22073,176.5543
2019-07-06,131.27,Baixa vazao,169.69237,157.99419,163.37814,170.68988
2019-07-07,134.82,Baixa vazao,168.59639,157.43523,162.40012,169.63376
2019-07-08,133.44,Baixa vazao,164.92012,153.32185,158.42519,166.28476
2019-07-09,137.57,Baixa vazao,162.4881,152.12987,156.62592,163.9737
2019-07-10,142.57,Baixa vazao,161.4356,150.96136,155.31268,162.91443
2019-07-11,143.92,Baixa vazao,160.9408,149.41252,155.1417,161.71582
2019-07-12,147.48,Baixa vazao,161.68588,150.87288,156.2187,162.14076
2019-07-13,151.09,Baixa vazao,154.54752,143.43459,148.75175,156.47742
2019-07-14,147.94,Baixa vazao,152.42014,141.23152,145.82474,154.64922
2019-07-15,148.89,Baixa vazao,153.0503,143.38123,148.2837,154.54431
2019-07-16,146.33,Baixa vazao,153.06293,143.3691,148.09705,154.54431
2019-07-17,153.5,Baixa vazao,151.31076,141.22813,145.65234,153.14157
2019-07-18,146.57,Baixa vazao,155.50208,145.81483,149.5246,156.26558
2019-07-19,140.92,Baixa vazao,154.92517,143.96262,149.15474,155.38907
2019-07-20,134.53,Baixa vazao,149.56041,137.77963,142.5863,151.12746
2019-07-21,130.62,Baixa vazao,149.2021,138.36156,142.61725,150.58847
2019-07-22,131.98,Baixa vazao,144.45929,132.50484,137.80556,146.59601
2019-07-23,139.5,Baixa vazao,143.94904,132.01306,137.3501,146.06041
2019-07-24,133.37,Baixa vazao,140.79303,128.89842,134.61415,143.40144
2019-07-25,132.64,Baixa vazao,143.13919,131.1333,137.05972,145.09462
2019-07-26,138.94,Baixa vazao,152.775,141.64891,149.1491,151.87401
2019-07-27,135.58,Baixa vazao,151.95618,140.44536,147.39885,151.36026
2019-07-28,121.69,Baixa vazao,152.3281,140.30986,147.75745,151.48846
2019-07-29,124.66,Baixa vazao,146.63658,133.76486,140.07022,146.55453
2019-07-30,126.86,Baixa vazao,144.77945,132.45576,137.9451,145.56676
2019-07-31,122.69,Baixa vazao,142.50302,130.6512,135.70663,143.69127
2019-08-01,119.49,Baixa vazao,134.15312,123.123146,127.77677,137.75328
2019-08-02,117.42,Baixa vazao,138.52895,125.762924,131.8824,140.99966
2019-08-03,116.71,Baixa vazao,132.26254,119.67259,124.941345,136.4178
2019-08-04,113.03,Baixa vazao,139.11925,124.313255,130.77267,141.64561
2019-08-05,113.0,Baixa vazao,133.4855,121.305504,126.93909,138.30003
2019-08-06,111.9,Baixa vazao,130.3073,121.67339,123.87791,136.1343
2019-08-07,110.1,Baixa vazao,138.09792,121.73829,123.644585,136.54544
2019-08-08,104.28,Baixa vazao,127.890945,118.766396,123.23323,132.24622
2019-08-09,114.0,Baixa vazao,134.05139,123.829285,129.02507,136.9471
2019-08-10,111.66,Baixa vazao,123.16373,113.90084,117.38754,128.86598
2019-08-11,104.06,Baixa vazao,125.127754,115.0153,120.60832,129.68777
2019-08-12,104.0,Baixa vazao,127.4015,117.151955,122.84985,131.2374
2019-08-13,104.92,Baixa vazao,127.40136,120.059166,120.49248,132.1843
2019-08-14,104.08,Baixa vazao,124.90698,119.034294,116.82571,130.60713
2019-08-15,104.0,Baixa vazao,126.006905,120.00785,116.73668,131.5908
2019-08-16,104.0,Baixa vazao,123.21493,117.13501,113.180725,129.42105
2019-08-17,94.19,Baixa vazao,119.55845,114.302795,109.1564,126.27188
2019-08-18,94.37,Baixa vazao,120.623695,115.28235,110.085266,127.08028
2019-08-19,95.28,Baixa vazao,119.62263,113.94697,108.25775,126.27188
2019-08-20,95.27,Baixa vazao,121.78255,116.33217,111.02944,127.905365
2019-08-21,95.22,Baixa vazao,120.84782,115.31243,110.06084,126.973595
2019-08-22,100.79,Baixa vazao,119.81017,115.40171,109.993484,125.836174
2019-08-23,93.28,Baixa vazao,116.38461,113.24511,106.78155,122.91243
2019-08-24,86.51,Baixa vazao,116.05469,113.47695,107.81155,122.41523
2019-08-25,76.82,Baixa vazao,123.788635,114.92187,110.1817,127.28575
2019-08-26,75.89,Baixa vazao,118.2365,112.12186,108.25519,123.318474
2019-08-27,72.83,Baixa vazao,112.611885,109.29839,104.45767,119.596535
2019-08-28,69.44,Baixa vazao,115.024,110.13188,104.82782,121.6272
2019-08-29,70.28,Baixa vazao,109.67524,105.952446,100.27584,116.69615
2019-08-30,65.89,Baixa vazao,107.22411,104.07316,98.247375,114.760605
2019-08-31,64.88,Baixa vazao,109.67663,105.600784,99.772,116.669876
2019-09-01,67.5,Baixa vazao,115.279396,110.94798,105.611824,120.85544
2019-09-02,71.67,Baixa vazao,115.92857,111.69354,105.680786,121.87317
2019-09-03,62.35,Baixa vazao,121.864334,116.29528,110.88648,126.79175
2019-09-04,68.33,Baixa vazao,119.44256,115.23081,109.151474,124.37012
2019-09-05,66.88,Baixa vazao,113.754005,108.85111,103.20095,119.51555
2019-09-06,58.31,Baixa vazao,116.64768,111.38237,106.12037,121.725525
2019-09-07,63.87,Baixa vazao,122.614296,119.020164,112.892715,126.03363
2019-09-08,53.76,Baixa vazao,109.4992,104.61858,100.644394,115.43884
2019-09-09,51.44,Baixa vazao,108.99929,103.1826,98.74889,114.771835
2019-09-10,48.68,Baixa vazao,111.477104,103.3316,98.96591,116.951195
2019-09-11,49.72,Baixa vazao,105.27433,98.57274,93.76486,111.73193
2019-09-12,50.2,Baixa vazao,84.7576,83.089775,76.204605,96.02573
2019-09-13,52.98,Baixa vazao,88.96264,85.273605,79.02174,99.038536
2019-09-14,47.73,Baixa vazao,92.13752,87.02758,81.10808,101.99551
2019-09-15,48.71,Baixa vazao,95.22409,88.16956,82.53396,104.72006
2019-09-16,45.51,Baixa vazao,94.09547,87.355125,81.94627,103.8927
2019-09-17,49.66,Baixa vazao,90.13,84.784874,79.47902,100.86922
2019-09-18,45.7,Baixa vazao,91.60912,86.099815,80.73773,101.41778
2019-09-19,54.23,Baixa vazao,93.622154,86.979195,81.47721,103.08977
2019-09-20,44.68,Baixa vazao,95.22786,86.746956,82.6758,104.44998
2019-09-21,47.53,Baixa vazao,93.76232,82.994576,77.99325,104.5887
2019-09-22,49.3,Baixa vazao,89.187195,81.75654,76.75025,100.55017
2019-09-23,43.4,Baixa vazao,86.16608,79.53188,74.478226,98.26494
2019-09-24,43.9,Baixa vazao,84.25206,102.75701,76.15804,110.16153
2019-09-25,45.36,Baixa vazao,85.12798,79.981895,74.22461,97.49993
2019-09-26,42.35,Baixa vazao,128.48268,77.52336,76.629745,98.21239
2019-09-27,45.9,Baixa vazao,250.73174,139.196,98.06318,138.24626
2019-09-28,51.42,Baixa vazao,214.1058,129.97026,126.29288,134.77286
2019-09-29,57.28,Baixa vazao,135.1541,138.96799,150.22522,137.53806
2019-09-30,65.88,Baixa vazao,152.1456,166.80836,193.80032,144.94208
2019-10-01,77.06,Baixa vazao,145.79468,154.6862,156.92313,148.82095
2019-10-02,70.59,Baixa vazao,151.71887,153.47466,144.174,157.924
2019-10-03,59.88,Baixa vazao,132.60168,131.80402,127.15545,138.39497
2019-10-04,58.45,Baixa vazao,115.900536,117.091255,109.80059,123.85376
2019-10-05,52.74,Baixa vazao,111.77239,111.09045,105.04547,119.36727
2019-10-06,44.9,Baixa vazao,103.22646,100.564095,97.78178,110.50267
2019-10-07,47.06,Baixa vazao,84.753365,83.36668,82.5001,95.122345
2019-10-08,42.66,Baixa vazao,76.8713,75.82865,78.12985,88.3834
2019-10-09,55.39,Baixa vazao,55.304337,66.89792,70.238235,78.65326
2019-10-10,53.3,Baixa vazao,125.02906,67.28601,70.9939,92.756874
2019-10-11,56.89,Baixa vazao,149.56703,71.12214,80.12136,93.68679
2019-10-12,62.18,Baixa vazao,219.62607,83.78191,101.55935,96.985405
2019-10-13,62.09,Baixa vazao,95.448944,83.63519,101.38901,104.01309
2019-10-14,55.81,Baixa vazao,142.3578,95.173836,116.83174,123.247894
2019-10-15,52.76,Baixa vazao,165.30173,102.4204,120.53563,131.93109
2019-10-16,44.59,Baixa vazao,176.67058,102.707054,115.97896,129.69215
2019-10-17,51.0,Baixa vazao,109.54374,93.182625,100.62569,115.883896
2019-10-18,52.39,Baixa vazao,94.387505,81.80029,87.39592,103.773026
2019-10-19,52.39,Baixa vazao,82.89117,73.72081,76.1329,94.92975
2019-10-20,51.0,Baixa vazao,89.97314,70.50494,72.293304,91.35768
2019-10-21,56.86,Baixa vazao,57.8521,65.95774,67.5387,86.885544
2019-10-22,57.79,Baixa vazao,67.56437,63.467392,65.18623,84.07003
2019-10-23,61.56,Baixa vazao,85.61284,73.388435,80.55339,89.637764
2019-10-24,64.34,Baixa vazao,81.93435,73.21707,78.209305,88.3496
2019-10-25,59.37,Baixa vazao,131.5093,76.099846,81.10535,94.01819
2019-10-26,58.48,Baixa vazao,84.4342,85.69796,97.875595,95.15878
2019-10-27,71.2,Baixa vazao,93.89427,88.81312,97.23387,102.39762
2019-10-28,72.13,Baixa vazao,108.776794,105.66383,90.102615,109.96933
2019-10-29,77.3,Baixa vazao,98.30943,92.46054,95.25473,105.63867
2019-10-30,85.63,Baixa vazao,101.001976,110.716545,112.991356,114.39686
2019-10-31,103.72,Baixa vazao,314.90112,192.48332,137.98965,235.76578
2019-11-01,108.78,Baixa vazao,289.79434,215.1368,164.52617,213.29097
2019-11-02,113.48,Baixa vazao,187.90236,193.29536,159.48914,169.24481
2019-11-03,116.33,Baixa vazao,198.12549,166.99748,147.3252,220.51755
2019-11-04,113.35,Baixa vazao,153.2911,148.39046,139.74783,149.72464
2019-11-05,108.4,Baixa vazao,137.49744,138.24126,125.22677,149.49814
2019-11-06,121.82,Baixa vazao,131.60864,117.320305,113.78011,139.28357
2019-11-07,121.2,Baixa vazao,211.6096,113.4306,112.27589,140.16316
2019-11-08,136.02,Baixa vazao,124.18218,99.73124,102.789795,120.07531
2019-11-09,160.79,Normal,116.08956,95.43923,101.297226,115.187454
2019-11-10,181.0,Normal,179.4515,147.66888,119.94007,130.8963
2019-11-11,165.27,Normal,210.03708,155.26118,147.80548,133.33315
2019-11-12,156.76,Normal,120.50582,145.96895,142.09407,131.57541
2019-11-13,163.37,Normal,118.956856,133.04361,129.44125,135.03537
2019-11-14,182.99,Normal,111.887764,111.337456,114.4409,124.189606
2019-11-15,201.13,Normal,153.69211,123.34744,133.07521,120.20747
2019-11-16,226.75,Normal,173.25554,120.00408,124.28372,125.83178
2019-11-17,261.01,Normal,167.88362,175.5295,194.06085,198.83067
2019-11-18,240.94,Normal,160.43204,181.2824,193.70886,143.14175
2019-11-19,234.0,Normal,191.29865,211.59119,192.75323,202.16594
2019-11-20,246.57,Normal,183.63748,205.2499,213.24605,162.6954
2019-11-21,271.57,Normal,324.09787,275.09918,335.29938,259.71414
2019-11-22,319.85,Normal,478.31604,261.88837,297.88007,226.18652
2019-11-23,332.64,Normal,281.20786,243.75035,273.30225,239.07582
2019-11-24,332.53,Normal,393.4267,295.96014,327.30573,275.7851
2019-11-25,323.89,Normal,322.16803,308.00485,337.2525,247.05426
2019-11-26,338.16,Normal,334.6999,298.8422,328.56012,286.51157
2019-11-27,334.09,Normal,318.7396,281.68976,309.68396,275.95505
2019-11-28,316.96,Normal,262.55756,261.59088,281.27582,266.47556
2019-11-29,287.33,Normal,372.8512,238.84685,271.9856,245.50569
2019-11-30,370.67,Normal,729.96454,298.21964,329.50287,456.30386
2019-12-01,418.67,Normal,541.66595,312.26666,338.89526,605.65894
2019-12-02,450.0,Normal,497.91003,346.8656,380.33142,478.9178
2019-12-03,556.02,Normal,973.62384,498.3524,584.28503,1172.4856
2019-12-04,547.38,Normal,685.75037,582.644,606.1093,586.71204
2019-12-05,536.78,Normal,1022.8245,633.9329,652.1152,1003.27356
2019-12-06,561.54,Normal,899.77277,578.4627,646.47833,880.6205
2019-12-07,611.67,Normal,922.51715,599.10443,665.153,854.9108
2019-12-08,585.67,Normal,970.1877,655.2769,701.26245,721.36255
2019-12-09,616.22,Normal,996.80786,695.9156,693.0052,795.3968
2019-12-10,652.72,Normal,887.1813,654.96515,587.5642,651.64465
2019-12-11,701.11,Normal,1108.7885,745.5742,643.486,871.0981
2019-12-12,867.0,Normal,854.6208,696.01776,630.8033,799.2025
2019-12-13,818.78,Normal,893.07025,1134.6443,894.26715,825.4139
2019-12-14,1115.29,Alta vazao,791.7097,1201.0682,1247.4398,860.6368
2019-12-15,1179.94,Alta vazao,1144.5908,1326.4497,1286.3291,1129.8801
2019-12-16,1123.39,Alta vazao,949.0901,1176.68,1250.6538,1013.2633
2019-12-17,1009.96,Alta vazao,807.7448,941.8912,1013.12427,853.7843
2019-12-18,930.8,Alta vazao,741.0317,752.55145,811.1206,734.7148
2019-12-19,843.76,Normal,560.3872,569.8555,626.8497,586.409
2019-12-20,743.69,Normal,643.4533,461.30353,510.13605,478.86557
2019-12-21,674.7,Normal,580.0444,425.61316,527.7666,533.7079
2019-12-22,629.33,Normal,500.60217,545.9393,593.0504,503.79758
2019-12-23,578.41,Normal,468.30682,592.51666,643.44037,500.41977
2019-12-24,560.74,Normal,624.7624,594.9948,593.7381,546.6593
2019-12-25,574.24,Normal,642.3134,581.61835,594.1458,533.39636
2019-12-26,589.12,Normal,746.5163,635.37067,678.6539,530.0722
2019-12-27,670.14,Normal,559.077,598.6761,632.18964,560.2998
2019-12-28,689.35,Normal,576.42426,570.51556,615.17255,562.1306
2019-12-29,667.82,Normal,509.6457,504.2883,542.95306,526.5956
2019-12-30,641.67,Normal,454.43408,421.8457,453.36224,453.91324
2019-12-31,572.74,Normal,367.89594,349.68817,372.9955,378.0424
2020-01-01,512.58,Normal,330.15338,314.0267,329.7882,338.00644
2020-01-02,447.15,Normal,285.9245,271.4882,286.0075,289.2818
2020-01-03,410.11,Normal,495.57153,433.48416,510.50235,298.98
2020-01-04,419.37,Normal,456.40726,371.3003,389.85736,404.87766
2020-01-05,456.41,Normal,650.2498,490.29407,548.03815,533.53064
2020-01-06,596.69,Normal,603.4394,533.9011,631.1442,409.12106
2020-01-07,697.61,Normal,587.852,566.6999,685.8703,479.5201
2020-01-08,760.83,Normal,659.663,626.0909,712.6392,620.0352
2020-01-09,800.56,Normal,598.36017,680.67944,783.14734,618.4306
2020-01-10,806.35,Normal,776.99744,669.8027,735.40326,605.4342
2020-01-11,789.52,Normal,518.58514,625.4832,678.6794,559.78033
2020-01-12,736.57,Normal,512.47064,563.46954,607.31476,539.7942
2020-01-13,707.75,Normal,497.0075,515.644,553.8127,504.65802
2020-01-14,663.08,Normal,425.94678,450.4333,491.27173,444.4405
2020-01-15,606.02,Normal,406.43848,442.0282,507.57397,403.8386
2020-01-16,572.13,Normal,535.68054,469.52307,553.2525,393.94016
2020-01-17,549.63,Normal,618.628,533.24786,608.68823,477.4692
2020-01-18,546.76,Normal,1127.1504,692.11066,835.6496,522.28394
2020-01-19,565.74,Normal,818.47345,742.4666,809.993,689.70654
2020-01-20,603.7,Normal,667.9306,847.1321,762.2392,698.7015
2020-01-21,629.51,Normal,853.2741,973.8474,689.4838,786.7982
2020-01-22,682.38,Normal,839.9172,913.9577,746.036,745.7963
2020-01-23,719.76,Normal,813.3873,957.55066,807.66205,820.4258
2020-01-24,797.93,Normal,1178.2489,1161.3331,1008.83655,1010.13763
2020-01-25,1326.48,Alta vazao,2335.9001,1986.3237,1698.7018,2315.9702
2020-01-26,2155.96,Alta vazao,4280.558,3796.004,3101.8318,4482.964
2020-01-27,2388.18,Alta vazao,2896.5972,3158.9102,2986.8193,3231.7097
2020-01-28,2636.32,Alta vazao,3117.8499,2917.6396,2987.8472,3044.6917
2020-01-29,2792.86,Alta vazao,2549.678,2638.8452,2554.8838,2754.5154
2020-01-30,2589.38,Alta vazao,2108.6433,2368.082,2327.8442,2167.074
2020-01-31,2149.96,Alta vazao,1702.2013,1936.3035,2065.9702,1833.5498
2020-02-01,1888.33,Alta vazao,1622.058,1845.9109,1937.9896,1705.649
2020-02-02,1791.27,Alta vazao,1472.4999,1724.462,1813.8267,1538.725
2020-02-03,1712.4,Alta vazao,1567.6395,1595.7089,1674.2704,1420.2269
2020-02-04,1576.45,Alta vazao,1277.9431,1466.6787,1576.6185,1267.6365
2020-02-05,1428.69,Alta vazao,1257.6666,1569.1742,1450.283,1351.3119
2020-02-06,1448.7,Alta vazao,1720.0005,1555.4489,1514.2563,1478.004
2020-02-07,1541.48,Alta vazao,1813.3273,1630.7361,1628.6997,1466.1134
2020-02-08,1600.43,Alta vazao,1767.7301,1539.4249,1797.9586,1494.2484
2020-02-09,1698.46,Alta vazao,2130.3284,1904.548,1870.741,2094.098
2020-02-10,1761.04,Alta vazao,1974.375,1726.9247,1900.0559,1821.6185
2020-02-11,1709.55,Alta vazao,1681.7672,1644.8234,1784.7041,1641.7788
2020-02-12,1646.35,Alta vazao,1669.3573,1609.4963,1699.8489,1529.6469
2020-02-13,1677.24,Alta vazao,1858.893,1770.2382,1961.8134,1605.9064
2020-02-14,1723.38,Alta vazao,2445.6145,2024.6293,1742.8582,2394.0134
2020-02-15,1814.96,Alta vazao,2524.0461,2600.6064,2163.6155,2995.5244
2020-02-16,1892.48,Alta vazao,2456.257,2336.933,2204.7117,2615.8918
2020-02-17,1907.52,Alta vazao,2344.3127,2214.4478,2014.7913,2415.0637
2020-02-18,1921.78,Alta vazao,2297.559,2142.8875,2074.5537,2229.256
2020-02-19,1903.26,Alta vazao,2107.6829,2098.5776,1977.78,2270.8381
2020-02-20,1842.55,Alta vazao,1867.5677,1972.493,2049.5579,1981.6174
2020-02-21,1760.56,Alta vazao,1719.9978,1821.9855,1887.8044,1845.7736
2020-02-22,1674.52,Alta vazao,1568.0242,1563.3741,1637.682,1629.2859
2020-02-23,1612.24,Alta vazao,1465.9116,1446.1344,1542.4739,1465.8403
2020-02-24,1636.0,Alta vazao,1616.6548,1551.7979,1608.3599,1626.5529
2020-02-25,1657.69,Alta vazao,1624.63,1513.3331,1534.0305,1514.9834
2020-02-26,1612.22,Alta vazao,1896.9866,1654.6859,1520.0167,1833.8287
2020-02-27,1626.96,Alta vazao,1869.89,2010.5194,1559.7622,1913.7595
2020-02-28,1628.91,Alta vazao,1903.5358,1945.3024,1721.8887,1902.9672
2020-02-29,1689.94,Alta vazao,2233.6555,1898.3306,1835.7831,2096.1099
2020-03-01,1863.26,Alta vazao,2929.3806,2392.4116,2022.6436,2944.0378
2020-03-02,1964.11,Alta vazao,3022.0574,2533.242,2144.6733,2811.8743
2020-03-03,2201.52,Alta vazao,3596.5562,3060.0781,2681.9548,3675.2961
2020-03-04,2406.93,Alta vazao,2983.6936,2980.502,2720.507,3097.7454
2020-03-05,2528.39,Alta vazao,2982.9392,2822.5435,2776.7925,3007.5396
2020-03-06,2546.76,Alta vazao,2664.535,2525.4841,2740.7354,2483.4905
2020-03-07,2497.44,Alta vazao,2383.5266,2420.6206,2558.8352,2300.5095
2020-03-08,2383.59,Alta vazao,2342.0806,2302.171,2333.4038,2314.3464
2020-03-09,2212.23,Alta vazao,1958.682,2054.8562,2010.2949,1933.1177
2020-03-10,2059.13,Alta vazao,1757.7826,1947.1292,1899.9199,1830.5879
2020-03-11,1950.61,Alta vazao,1683.4263,1847.2432,1812.7957,1754.3973
2020-03-12,1881.42,Alta vazao,1641.0267,1766.997,1739.1252,1704.2651
2020-03-13,1813.23,Alta vazao,1614.3833,1724.3673,1647.3633,1682.2853
2020-03-14,1658.7,Alta vazao,1577.2594,1660.995,1601.2046,1639.0758
2020-03-15,1587.31,Alta vazao,1554.8322,1612.0198,1573.4092,1596.4846
2020-03-16,1520.78,Alta vazao,1506.6595,1562.6078,1527.9747,1553.1793
2020-03-17,1380.19,Alta vazao,1461.7526,1511.6647,1469.1035,1507.9713
2020-03-18,1319.81,Alta vazao,1403.4508,1444.87,1402.3472,1444.9391
2020-03-19,1257.24,Alta vazao,1373.6234,1361.9818,1312.7122,1360.5472
2020-03-20,1232.22,Alta vazao,1343.8992,1301.5685,1244.886,1356.0297
2020-03-21,1227.4,Alta vazao,1423.0768,1284.9728,1238.0863,1287.8934
2020-03-22,1307.94,Alta vazao,1502.8695,1358.1727,1332.1531,1393.7163
2020-03-23,1398.48,Alta vazao,1635.9564,1454.2521,1402.6951,1616.3398
2020-03-24,1395.0,Alta vazao,1813.8713,1424.9178,1407.4551,1598.052
2020-03-25,1288.67,Alta vazao,1129.5103,1286.0192,1233.5309,1209.6986
2020-03-26,1193.29,Alta vazao,930.6515,1098.5016,1046.9235,998.47864
2020-03-27,1045.25,Alta vazao,861.3227,1015.4513,964.6413,932.78033
2020-03-28,928.78,Alta vazao,797.13995,943.4349,889.7095,869.66003
2020-03-29,849.35,Normal,752.75653,880.6816,825.19415,814.29047
2020-03-30,751.83,Normal,711.5166,836.086,778.4445,772.6488
2020-03-31,685.97,Normal,679.1361,807.87384,750.2974,742.7153
2020-04-01,726.07,Normal,694.0308,782.88336,729.26556,720.30554
2020-04-02,725.74,Normal,800.1919,865.1601,831.83966,753.4679
2020-04-03,739.41,Normal,833.1372,977.1298,965.8477,788.1655
2020-04-04,813.65,Normal,893.47296,1010.1634,982.3087,854.3561
2020-04-05,837.39,Normal,858.7747,989.0944,933.508,876.527
2020-04-06,850.7,Normal,767.73676,937.1673,873.3724,832.702
2020-04-07,762.32,Normal,707.38336,866.1691,807.1352,771.8978
2020-04-08,721.83,Normal,962.6508,783.5154,732.4483,833.9834
2020-04-09,691.66,Normal,741.25104,796.9198,767.7564,718.151
2020-04-10,655.72,Normal,705.3024,837.68243,822.44684,735.83545
2020-04-11,645.43,Normal,773.89075,865.9604,842.58014,758.54504
2020-04-12,664.76,Normal,849.9859,913.93414,872.3499,811.9235
2020-04-13,683.09,Normal,800.9998,883.44403,860.9671,782.7358
2020-04-14,678.84,Normal,774.42426,815.3665,786.72003,715.18384
2020-04-15,663.5,Normal,647.13605,765.6236,731.3572,677.93384
2020-04-16,642.57,Normal,649.9019,720.4539,692.83374,648.50037
2020-04-17,609.7,Normal,720.6283,732.2188,724.43555,645.5886
2020-04-18,586.13,Normal,596.75226,719.1545,704.1768,635.8942
2020-04-19,559.97,Normal,580.6862,684.69775,663.13556,625.72876
2020-04-20,545.41,Normal,663.98004,650.6384,631.90106,651.4098
2020-04-21,523.32,Normal,531.8317,608.19586,587.2928,570.2894
2020-04-22,503.46,Normal,524.55896,597.2342,578.28125,560.5509
2020-04-23,482.25,Normal,506.50595,576.64435,558.0229,542.16614
2020-04-24,470.76,Normal,497.26895,551.48474,534.37604,525.74146
2020-04-25,442.95,Normal,474.1576,528.9423,523.36566,503.0906
2020-04-26,444.4,Normal,466.31,517.6409,511.7717,497.41068
2020-04-27,442.76,Normal,461.84482,510.63986,507.16998,490.7471
2020-04-28,432.83,Normal,452.22086,495.44354,491.56268,479.91977
2020-04-29,429.46,Normal,436.66547,476.17957,470.98746,462.4614
2020-04-30,414.99,Normal,422.53845,458.21948,450.10312,446.28317
2020-05-01,410.86,Normal,411.59113,444.22076,434.2923,434.0197
2020-05-02,407.65,Normal,401.10132,433.10504,424.81317,423.54056
2020-05-03,399.18,Normal,397.08377,427.0218,416.69806,417.7988
2020-05-04,400.12,Normal,390.4906,416.23526,404.31628,409.16354
2020-05-05,386.94,Normal,378.45218,402.46002,391.97076,398.14474
2020-05-06,381.24,Normal,374.64822,399.80994,390.62686,392.37585
2020-05-07,380.24,Normal,370.93268,398.2009,387.90903,388.8063
2020-05-08,381.91,Normal,368.99023,389.99185,379.71454,385.4141
2020-05-09,375.76,Normal,373.73212,388.98782,383.43253,382.11795
2020-05-10,369.54,Normal,364.45056,398.2862,394.23737,380.81906
2020-05-11,373.95,Normal,366.9383,400.43655,392.09247,386.21304
2020-05-12,362.2,Normal,362.93707,390.79095,378.3435,382.26193
2020-05-13,360.15,Normal,354.96198,380.7506,369.1571,371.91382
2020-05-14,362.25,Normal,346.26202,370.33673,357.85794,362.70587
2020-05-15,362.28,Normal,340.1418,364.5415,355.0503,356.62936
2020-05-16,350.85,Normal,402.16107,372.62665,365.60327,372.94232
2020-05-17,347.87,Normal,422.3422,381.0019,376.6668,390.13022
2020-05-18,349.92,Normal,454.10672,388.04102,381.40253,459.47226
2020-05-19,346.95,Normal,437.33203,386.22876,377.1032,372.77585
2020-05-20,329.31,Normal,357.50974,383.14493,372.28253,375.1815
2020-05-21,317.82,Normal,351.91083,373.3853,361.2671,366.17023
2020-05-22,320.84,Normal,342.89114,365.33313,355.81152,359.01025
2020-05-23,317.63,Normal,337.50897,358.41736,346.93542,353.68912
2020-05-24,317.63,Normal,367.42902,349.5993,336.74274,347.55728
2020-05-25,313.98,Normal,436.2518,363.9913,360.7975,428.87173
2020-05-26,329.25,Normal,484.9848,392.03943,392.7383,393.25107
2020-05-27,328.47,Normal,369.30884,408.13812,413.15857,391.92096
2020-05-28,338.56,Normal,381.16907,419.2176,424.049,402.97952
2020-05-29,359.92,Normal,395.80392,416.70084,415.36432,417.65735
2020-05-30,351.66,Normal,377.35535,392.2481,390.52954,396.63882
2020-05-31,341.33,Normal,351.61963,368.37195,364.29434,368.54138
2020-06-01,353.02,Normal,334.5204,354.97516,350.51495,348.82077
2020-06-02,342.57,Normal,320.9553,343.44223,337.15384,333.73038
2020-06-03,334.43,Normal,310.84677,332.7641,325.75806,322.85715
2020-06-04,337.55,Normal,307.90335,328.653,324.16675,318.56335
2020-06-05,303.63,Normal,302.7044,319.97913,319.23206,311.0986
2020-06-06,273.26,Normal,294.31125,309.00385,303.75348,301.8762
2020-06-07,261.81,Normal,281.3368,294.0688,286.42078,288.81497
2020-06-08,260.14,Normal,273.7024,286.93698,278.26294,281.27756
2020-06-09,260.26,Normal,276.41742,291.37292,282.10043,283.59854
2020-06-10,245.69,Normal,307.08636,291.08255,282.77612,282.81912
2020-06-11,251.57,Normal,274.72986,287.6975,277.9088,281.10474
2020-06-12,242.35,Normal,278.1612,291.3448,282.7197,283.62152
2020-06-13,245.21,Normal,270.96082,282.41705,273.49057,276.21133
2020-06-14,242.14,Normal,264.6344,276.39194,265.8592,270.4863
2020-06-15,241.18,Normal,262.4485,272.6003,261.30707,267.9244
2020-06-16,239.91,Normal,257.30508,268.31406,256.57343,262.67435
2020-06-17,237.7,Normal,257.94775,268.81827,257.37677,262.6013
2020-06-18,235.58,Normal,256.73065,266.00607,254.60521,261.13873
2020-06-19,234.35,Normal,253.841,263.93604,252.87975,257.5782
2020-06-20,230.56,Normal,248.55533,259.6352,250.04713,251.76654
2020-06-21,230.37,Normal,247.76877,257.93652,248.02118,250.88269
2020-06-22,219.16,Normal,246.42842,256.28128,247.18628,248.75966
2020-06-23,222.13,Normal,246.99448,256.12064,246.69473,249.11456
2020-06-24,224.07,Normal,244.61588,253.74864,244.89542,245.86397
2020-06-25,218.21,Normal,238.69754,247.89081,238.71652,240.0781
2020-06-26,219.03,Normal,234.36444,242.46638,234.48782,235.64024
2020-06-27,210.89,Normal,234.62183,241.32254,233.37766,235.05606
2020-06-28,220.0,Normal,230.38408,237.79996,229.77742,230.6789
2020-06-29,214.58,Normal,225.55925,232.56306,225.43878,225.77701
2020-06-30,219.0,Normal,226.33463,233.31342,225.54443,226.3362
2020-07-01,217.24,Normal,222.88416,229.58469,222.74707,222.61536
2020-07-02,217.24,Normal,220.74922,227.30502,221.2061,220.28258
2020-07-03,212.19,Normal,238.43077,226.56697,220.43925,219.21796
2020-07-04,218.32,Normal,283.32846,228.92232,224.65431,306.7548
2020-07-05,213.21,Normal,217.70436,225.29054,220.21985,216.63663
2020-07-06,210.28,Normal,217.16211,222.54958,217.68283,215.8347
2020-07-07,210.38,Normal,213.17679,218.22646,212.3338,212.20491
2020-07-08,206.1,Normal,210.4191,215.28185,209.93283,209.4809
2020-07-09,205.45,Normal,207.45695,212.45146,206.61678,206.37225
2020-07-10,208.24,Normal,204.30557,208.91646,202.54694,203.36707
2020-07-11,202.55,Normal,204.67169,208.67079,203.17969,203.4172
2020-07-12,205.33,Normal,201.7026,206.00636,199.67194,200.71648
2020-07-13,202.3,Normal,199.0539,203.13493,197.72891,197.87366
2020-07-14,206.33,Normal,199.08371,203.15082,197.50958,197.87366
2020-07-15,195.49,Normal,195.35938,198.98454,193.02222,194.25049
2020-07-16,195.45,Normal,191.47188,194.83818,188.81366,191.06845
2020-07-17,195.38,Normal,197.32973,201.37123,196.22241,194.9036
2020-07-18,198.51,Normal,190.90451,194.88011,189.7463,189.28006
2020-07-19,186.59,Normal,186.38113,190.016,184.05655,185.76654
2020-07-20,186.57,Normal,186.59512,190.94664,184.70264,185.69633
2020-07-21,185.52,Normal,186.60852,190.95634,184.59743,185.69633
2020-07-22,185.6,Normal,185.86845,190.12584,184.44833,184.37695
2020-07-23,186.61,Normal,182.9207,187.59541,181.8404,181.62724
2020-07-24,176.69,Normal,182.01064,185.99406,180.91083,180.70544
2020-07-25,176.68,Normal,180.19632,184.01959,178.07304,179.18903
2020-07-26,180.61,Normal,179.46994,182.60225,176.32181,178.47122
2020-07-27,180.55,Normal,179.44592,183.13942,176.54826,178.6081
2020-07-28,170.81,Normal,181.67842,184.66823,176.34567,181.91473
2020-07-29,170.81,Normal,183.85696,187.51186,177.01654,185.04535
2020-07-30,176.54,Normal,182.02812,183.68703,173.55473,183.09598
2020-07-31,168.99,Normal,177.69858,179.1024,169.24333,178.47011
2020-08-01,170.06,Normal,176.04628,176.90813,168.44998,176.58246
2020-08-02,163.99,Normal,173.13333,174.99744,167.52736,173.3579
2020-08-03,166.04,Normal,172.09845,172.69011,165.78879,172.2251
2020-08-04,165.04,Normal,167.76749,168.8069,163.9848,167.75488
2020-08-05,165.91,Normal,167.98047,167.856,163.28445,167.88715
2020-08-06,168.96,Normal,168.32994,168.98853,164.6607,167.55573
2020-08-07,172.0,Normal,170.14203,170.50612,167.5607,168.38527
2020-08-08,165.11,Normal,164.42212,163.34093,160.21753,162.81412
2020-08-09,166.07,Normal,161.5495,159.32626,157.46893,159.76074
2020-08-10,163.04,Normal,161.11478,159.50923,157.94647,159.09595
2020-08-11,160.04,Normal,157.20203,155.46353,154.77899,155.62415
2020-08-12,157.03,Normal,157.83733,155.59013,154.55618,156.03195
2020-08-13,150.03,Baixa vazao,158.24466,156.10107,156.1654,156.36624
2020-08-14,143.08,Baixa vazao,157.44476,154.60336,154.03738,155.83234
2020-08-15,138.13,Baixa vazao,156.51463,154.37375,153.42963,154.85939
2020-08-16,135.13,Baixa vazao,154.95752,152.20222,152.36029,153.34772
2020-08-17,144.15,Baixa vazao,152.65334,150.34148,149.50728,151.42131
2020-08-18,137.18,Baixa vazao,152.65529,150.35016,149.42133,151.42131
2020-08-19,143.21,Baixa vazao,148.61829,145.64412,144.93753,148.01428
2020-08-20,133.19,Baixa vazao,166.77963,144.50801,143.56528,147.29294
2020-08-21,143.13,Baixa vazao,144.49591,141.51909,140.92258,144.20645
2020-08-22,148.08,Baixa vazao,138.42433,135.12532,133.63972,140.70813
2020-08-23,144.51,Baixa vazao,188.30536,143.57318,149.46725,138.5953
2020-08-24,127.46,Baixa vazao,176.84615,153.74527,151.73953,180.27805
2020-08-25,135.35,Baixa vazao,148.44064,152.06966,155.4555,147.649
2020-08-26,153.44,Baixa vazao,154.74146,159.88329,163.12029,154.00046
2020-08-27,128.2,Baixa vazao,158.15718,161.28975,160.9312,158.23636
2020-08-28,124.66,Baixa vazao,155.61252,154.55745,153.68423,155.74945
2020-08-29,118.48,Baixa vazao,150.36816,148.21687,148.70673,150.09778
2020-08-30,117.72,Baixa vazao,146.33162,144.71361,146.00946,146.07144
2020-08-31,116.48,Baixa vazao,145.58221,143.53883,144.7146,145.45648
2020-09-01,114.31,Baixa vazao,141.3661,139.67159,140.33755,141.88373
2020-09-02,113.72,Baixa vazao,141.7191,139.60292,139.45193,141.94511
2020-09-03,105.54,Baixa vazao,140.55002,137.98514,139.55533,140.22125
2020-09-04,130.38,Baixa vazao,135.94342,132.53214,132.802,136.81491
2020-09-05,149.5,Baixa vazao,126.05746,122.12426,122.4646,128.7599
2020-09-06,133.18,Baixa vazao,122.916306,118.31076,119.5508,125.879364
2020-09-07,133.98,Baixa vazao,118.4629,113.443825,115.57265,121.92403
2020-09-08,122.04,Baixa vazao,118.927734,113.46507,114.98988,122.36392
2020-09-09,94.58,Baixa vazao,116.10577,110.54189,112.93769,119.84144
2020-09-10,99.99,Baixa vazao,114.93764,109.37182,112.358604,118.75578
2020-09-11,98.16,Baixa vazao,114.39777,108.78609,111.25357,118.30119
2020-09-12,90.89,Baixa vazao,111.437584,104.76943,107.3295,115.60948
2020-09-13,91.85,Baixa vazao,104.27879,97.71585,100.955154,109.448006
2020-09-14,88.2,Baixa vazao,101.084404,93.89971,96.28494,107.210976
2020-09-15,88.84,Baixa vazao,100.679276,92.84571,96.62587,106.43522
2020-09-16,93.66,Baixa vazao,98.95842,90.758064,93.11812,105.23654
2020-09-17,90.61,Baixa vazao,96.10378,88.368034,91.34063,102.689896
2020-09-18,94.29,Baixa vazao,95.388245,87.23339,91.10663,102.08161
2020-09-19,86.38,Baixa vazao,93.96605,86.731445,90.263535,100.86879
2020-09-20,90.89,Baixa vazao,93.45739,86.201324,89.75539,100.47902
2020-09-21,85.09,Baixa vazao,95.75678,90.88742,88.31026,101.67691
2020-09-22,83.25,Baixa vazao,95.905235,92.06441,90.00215,102.72409
2020-09-23,85.89,Baixa vazao,93.09031,96.91068,95.78531,106.60422
2020-09-24,83.09,Baixa vazao,92.95852,100.26243,99.012665,112.11268
2020-09-25,88.97,Baixa vazao,103.51667,105.91483,108.33325,110.06088
2020-09-26,92.74,Baixa vazao,113.58065,117.16465,119.592606,117.48297
2020-09-27,97.55,Baixa vazao,121.27837,123.05503,120.883446,125.94145
2020-09-28,101.25,Baixa vazao,121.381676,119.117775,117.1461,125.69499
2020-09-29,100.44,Baixa vazao,118.42834,114.922195,114.15639,122.39187
2020-09-30,106.03,Baixa vazao,112.98698,108.227394,105.75457,117.69658
2020-10-01,107.79,Baixa vazao,106.70147,101.31706,100.37349,111.534706
2020-10-02,104.88,Baixa vazao,102.00422,95.99833,94.7861,107.4352
2020-10-03,102.0,Baixa vazao,98.032585,92.12795,90.98053,103.98434
2020-10-04,95.49,Baixa vazao,95.37819,89.51944,89.2824,101.67435
2020-10-05,96.1,Baixa vazao,93.341835,88.0555,86.98982,100.15194
2020-10-06,100.04,Baixa vazao,90.68862,86.69111,86.47456,97.77585
2020-10-07,91.12,Baixa vazao,88.84396,83.38844,81.97966,96.54564
2020-10-08,102.07,Baixa vazao,85.823845,80.01733,77.78758,94.24611
2020-10-09,98.04,Baixa vazao,84.46643,79.804955,81.74585,91.65568
2020-10-10,103.15,Baixa vazao,81.449165,78.240974,78.2729,90.85742
2020-10-11,99.5,Baixa vazao,68.38047,71.23479,70.67536,85.073875
2020-10-12,98.02,Baixa vazao,76.51308,73.57768,73.65151,87.53784
2020-10-13,101.35,Baixa vazao,249.6807,70.77967,70.44238,100.95711
2020-10-14,105.84,Baixa vazao,69.68432,69.272224,71.53292,82.958954
2020-10-15,105.27,Baixa vazao,99.847755,70.6291,69.72018,84.924835
2020-10-16,109.93,Baixa vazao,156.6076,140.37715,87.868385,119.88988
2020-10-17,109.52,Baixa vazao,156.66922,136.79378,90.20407,120.99979
2020-10-18,121.17,Baixa vazao,171.80515,119.52856,95.79857,358.88464
2020-10-19,122.48,Baixa vazao,107.15153,106.483376,89.119576,112.098236
2020-10-20,136.66,Baixa vazao,127.22969,89.1562,82.44864,162.05493
2020-10-21,132.53,Baixa vazao,122.248344,83.8533,79.71432,155.4693
2020-10-22,138.12,Baixa vazao,129.37587,110.28206,92.932045,146.75452
2020-10-23,144.92,Baixa vazao,104.134865,123.89634,92.78598,121.156204
2020-10-24,145.16,Baixa vazao,98.6739,110.48914,89.71556,123.40918
2020-10-25,153.02,Baixa vazao,184.57536,102.163864,92.31612,106.67527
2020-10-26,172.59,Normal,293.86496,191.39632,134.24594,369.89944
2020-10-27,190.67,Normal,327.93558,235.44197,179.89374,442.02725
2020-10-28,202.54,Normal,233.86125,219.40701,227.71875,187.0235
2020-10-29,195.69,Normal,268.16406,255.8954,252.11151,245.42657
2020-10-30,202.02,Normal,278.8868,221.86671,206.52069,264.7769
2020-10-31,255.33,Normal,261.36877,181.07048,174.20013,273.2431
2020-11-01,271.66,Normal,439.94513,188.5006,197.39041,470.2869
2020-11-02,246.58,Normal,279.64197,226.91862,238.36694,253.92838
2020-11-03,241.3,Normal,247.40434,243.04831,259.182,255.89302
2020-11-04,241.26,Normal,319.0665,243.53026,246.57428,269.3234
2020-11-05,271.35,Normal,377.02893,263.23596,283.31866,346.42203
2020-11-06,266.26,Normal,277.55255,272.25693,286.58722,282.6101
2020-11-07,242.19,Normal,264.24445,260.21646,276.14606,267.7402
2020-11-08,227.77,Normal,251.38757,234.57875,237.40932,256.86954
2020-11-09,211.39,Normal,279.51117,201.00322,207.45988,225.7994
2020-11-10,203.29,Normal,217.04211,186.20183,196.31996,213.23639
2020-11-11,195.81,Normal,246.09824,212.9832,230.83865,221.64932
2020-11-12,206.93,Normal,308.5859,270.0566,298.68323,234.56342
2020-11-13,214.24,Normal,319.44,293.35147,292.17368,287.82495
2020-11-14,244.75,Normal,409.33246,281.99673,289.26337,358.48425
2020-11-15,275.92,Normal,432.46024,487.9404,478.8675,353.91064
2020-11-16,284.04,Normal,474.34344,514.90216,533.0708,451.70035
2020-11-17,313.56,Normal,411.0561,479.9926,554.9212,410.6212
2020-11-18,382.82,Normal,453.77908,451.4615,491.00018,431.44333
2020-11-19,418.09,Normal,473.63486,492.15475,513.6755,399.19925
2020-11-20,415.09,Normal,470.62146,504.9506,547.8073,446.83865
2020-11-21,393.11,Normal,387.99402,438.15814,457.20242,428.91605
2020-11-22,370.75,Normal,334.39944,356.15665,379.64368,362.8953
2020-11-23,356.85,Normal,315.32758,312.38788,341.04303,328.09372
2020-11-24,325.81,Normal,284.19812,281.01544,300.761,282.3716
2020-11-25,296.82,Normal,378.39996,261.23862,275.7746,255.82796
2020-11-26,257.24,Normal,237.7474,253.10919,280.219,239.013
2020-11-27,247.29,Normal,259.81467,246.50758,266.29572,250.87372
2020-11-28,255.62,Normal,223.76581,222.37056,238.13704,220.54782
2020-11-29,257.1,Normal,215.01306,212.21857,227.65417,210.06311
2020-11-30,230.35,Normal,212.2367,201.91003,216.3533,202.97873
2020-12-01,221.26,Normal,199.9588,190.98514,206.16246,194.13852
2020-12-02,207.03,Normal,258.09656,185.60017,210.4484,190.04066
2020-12-03,202.45,Normal,239.00964,219.09734,221.75444,206.45386
2020-12-04,215.62,Normal,300.61157,367.7323,339.87915,299.8439
2020-12-05,219.52,Normal,473.81027,446.40295,416.7753,414.16476
2020-12-06,281.58,Normal,363.71912,409.57483,398.42682,382.34195
2020-12-07,340.55,Normal,379.79214,351.1999,389.89047,347.03403
2020-12-08,358.63,Normal,427.97043,353.09088,382.70984,351.32047
2020-12-09,355.85,Normal,411.2778,386.43805,465.21164,374.02188
2020-12-10,441.48,Normal,616.2562,460.2377,581.64325,428.48544
2020-12-11,478.49,Normal,657.8433,674.9559,873.1893,529.6929
2020-12-12,608.77,Normal,995.3143,826.3637,910.8843,957.40497
2020-12-13,710.61,Normal,933.5178,837.8244,923.2966,824.7152
2020-12-14,743.92,Normal,821.6794,930.32666,888.4577,907.0768
2020-12-15,712.76,Normal,829.9607,832.9607,846.04816,737.8763
2020-12-16,687.07,Normal,756.5533,700.4202,724.12946,662.6606
2020-12-17,661.44,Normal,545.0184,546.9199,581.2382,535.9486
2020-12-18,586.4,Normal,628.5728,496.92813,525.7901,513.1477
2020-12-19,538.33,Normal,753.8026,503.30753,547.92706,548.0156
2020-12-20,485.33,Normal,728.0329,636.8865,720.51715,653.4927
2020-12-21,424.9,Normal,969.1226,833.53296,803.02155,1008.22046
2020-12-22,391.32,Normal,752.09955,813.43695,768.05444,826.6162
2020-12-23,421.68,Normal,913.88477,793.76544,802.68884,918.0335
2020-12-24,550.0,Normal,1163.997,813.41156,848.7308,1141.1149
2020-12-25,817.6,Normal,1222.7913,1009.5441,1173.6116,1037.951
2020-12-26,963.71,Alta vazao,1628.0013,1104.9968,1151.6718,1584.903
2020-12-27,1009.12,Alta vazao,1441.328,1433.865,1107.8145,1516.429
2020-12-28,1009.8,Alta vazao,1033.252,1321.4127,1089.4749,1212.0748
2020-12-29,1044.81,Alta vazao,1047.4744,1169.8998,1107.5436,1172.2758
2020-12-30,1028.69,Alta vazao,1082.173,986.9035,1118.207,993.3271
2020-12-31,1047.89,Alta vazao,1021.67206,971.038,1066.2205,990.3384
2021-01-01,911.87,Alta vazao,974.2703,909.5113,937.2784,976.34863
2021-01-02,903.37,Alta vazao,892.7462,804.90765,839.0258,898.89417
2021-01-03,838.02,Normal,924.48663,814.9426,833.2824,848.2001
2021-01-04,802.67,Normal,931.6555,937.4598,1048.0793,810.15027
2021-01-05,768.67,Normal,1097.3922,1030.681,1081.1627,950.6235
2021-01-06,759.14,Normal,974.67267,1065.5701,1019.81036,1033.2704
2021-01-07,745.39,Normal,882.11224,1016.3919,943.6316,933.72986
2021-01-08,775.7,Normal,869.91266,905.53107,788.5789,844.6571
2021-01-09,756.95,Normal,878.7112,862.47345,799.70544,822.64136
2021-01-10,768.5,Normal,982.75653,984.0684,965.26587,800.7543
2021-01-11,818.89,Normal,943.17413,954.45465,888.77325,919.098
2021-01-12,795.2,Normal,816.49835,845.4468,820.61096,784.4467
2021-01-13,747.35,Normal,896.82245,874.86884,856.8824,782.6928
2021-01-14,760.31,Normal,819.10895,870.7966,832.1309,760.64124
2021-01-15,849.59,Normal,802.2891,828.28076,811.4528,691.9845
2021-01-16,833.78,Normal,699.7062,828.13043,809.7668,727.4635
2021-01-17,920.81,Alta vazao,813.5253,845.1109,868.12036,762.7019
2021-01-18,1055.93,Alta vazao,776.3365,800.7902,816.62506,734.8567
2021-01-19,1094.35,Alta vazao,808.7208,762.1197,781.7658,781.76965
2021-01-20,1037.33,Alta vazao,844.34955,703.3715,715.93024,722.6006
2021-01-21,975.76,Alta vazao,739.59344,655.87244,672.02954,686.19696
2021-01-22,866.5,Normal,656.8945,590.06165,613.10187,625.0354
2021-01-23,730.94,Normal,549.8191,536.2841,554.8121,572.1562
2021-01-24,582.33,Normal,519.04456,499.30225,517.24896,537.98065
2021-01-25,539.74,Normal,430.00256,421.6361,433.39105,448.27625
2021-01-26,503.63,Normal,373.6999,368.4546,376.98267,394.73117
2021-01-27,431.87,Normal,319.5912,322.83334,326.07117,339.95825
2021-01-28,393.91,Normal,303.3697,308.7743,311.1217,322.30048
2021-01-29,346.98,Normal,295.9894,299.26642,298.7033,312.9603
2021-01-30,331.02,Normal,284.89856,287.05066,285.11523,299.46326
2021-01-31,318.04,Normal,274.17316,276.3573,275.07953,286.05203
2021-02-01,319.04,Normal,268.1669,269.87286,267.93594,278.8558
2021-02-02,306.04,Normal,258.54364,257.11646,260.22498,269.42032
2021-02-03,300.06,Normal,259.8368,252.07228,266.8374,259.01395
2021-02-04,320.04,Normal,249.98119,249.51973,273.31567,256.30988
2021-02-05,299.06,Normal,258.4728,247.05988,274.2142,252.9851
2021-02-06,357.0,Normal,376.17456,264.9944,305.35693,300.3945
2021-02-07,546.81,Normal,527.2554,305.383,352.28693,348.87766
2021-02-08,918.5,Alta vazao,636.8243,479.9961,594.7185,676.7622
2021-02-09,1236.44,Alta vazao,714.76825,697.49854,769.1964,699.1566
2021-02-10,1315.19,Alta vazao,640.92395,813.6163,686.81915,684.30676
2021-02-11,1095.38,Alta vazao,612.7812,677.1552,617.2187,518.4953
2021-02-12,1008.58,Alta vazao,634.2428,637.5505,568.7402,521.6089
2021-02-13,1045.5,Alta vazao,738.0822,703.4589,714.1762,524.2012
2021-02-14,1079.69,Alta vazao,589.31915,650.63495,698.0186,535.4832
2021-02-15,1099.98,Alta vazao,534.2651,706.10425,809.5154,533.75354
2021-02-16,1193.96,Alta vazao,728.7037,744.0035,814.09894,681.072
2021-02-17,1253.61,Alta vazao,550.96,678.20905,741.216,582.10126
2021-02-18,1252.61,Alta vazao,711.53143,625.846,666.8362,538.90857
2021-02-19,1266.5,Alta vazao,557.7108,609.22406,633.9329,513.8269
2021-02-20,1330.2,Alta vazao,698.67377,752.63226,775.7047,577.6459
2021-02-21,1212.65,Alta vazao,960.5324,914.55676,873.1244,739.9033
2021-02-22,1212.65,Alta vazao,793.1651,916.2368,859.3297,791.3409
2021-02-23,1250.58,Alta vazao,874.8895,1076.4115,1077.7795,786.2368
2021-02-24,1233.18,Alta vazao,909.94275,1104.1144,1055.971,911.3506
2021-02-25,1194.92,Alta vazao,819.7498,1026.2601,992.2801,855.7029
2021-02-26,1122.58,Alta vazao,940.24255,966.5472,928.59454,818.0248
2021-02-27,1163.43,Alta vazao,878.9376,873.02924,807.7729,763.0852
2021-02-28,1181.87,Alta vazao,1006.7298,861.58514,830.81244,837.1156
2021-03-01,1030.41,Alta vazao,1041.0402,929.1057,932.52026,970.8567
2021-03-02,915.04,Alta vazao,833.2044,999.58026,999.2071,897.06494
2021-03-03,907.74,Alta vazao,790.8706,952.2142,958.1655,832.08435
2021-03-04,895.61,Alta vazao,779.0826,888.4391,874.28107,789.1369
2021-03-05,775.7,Normal,728.35144,822.87274,770.6773,758.2042
2021-03-06,665.44,Normal,697.9914,775.9843,697.4317,735.47876
2021-03-07,588.6,Normal,851.9513,764.7157,704.8791,722.932
2021-03-08,568.29,Normal,953.8794,803.36487,784.98376,744.3427
2021-03-09,587.6,Normal,1131.1466,1050.9435,1135.3081,938.18005
2021-03-10,781.11,Normal,1289.455,1156.8876,1191.7158,1186.8381
2021-03-11,917.29,Alta vazao,1181.7523,1142.0048,1182.0665,1073.3608
2021-03-12,968.11,Alta vazao,944.4658,1141.3405,1167.615,994.7457
2021-03-13,969.04,Alta vazao,832.7637,1053.0387,1050.273,902.2262
2021-03-14,871.96,Normal,812.65027,951.0267,925.1893,833.2583
2021-03-15,793.11,Normal,784.4493,845.0582,797.57697,758.6654
2021-03-16,676.33,Normal,680.8532,829.9638,784.8578,742.2407
2021-03-17,618.23,Normal,669.0795,801.42303,742.9374,735.5505
2021-03-18,578.22,Normal,641.4183,761.19305,699.7507,704.5953
2021-03-19,539.33,Normal,612.2151,714.7759,642.85535,676.1566
2021-03-20,485.91,Normal,592.7379,686.1125,609.3636,652.2953
2021-03-21,459.65,Normal,581.8863,668.81976,601.7,638.3988
2021-03-22,420.67,Normal,601.3158,641.3063,593.5316,618.31836
2021-03-23,401.22,Normal,557.8851,617.2869,567.34656,606.5367
2021-03-24,400.11,Normal,557.1229,586.10333,540.8779,587.67596
2021-03-25,381.87,Normal,488.47083,535.3862,491.29974,532.9454
2021-03-26,381.8,Normal,470.35635,515.26184,475.84674,517.27045
2021-03-27,342.89,Normal,543.81415,494.41043,469.33636,489.7687
2021-03-28,304.0,Normal,524.85516,482.1559,455.6388,482.06027
2021-03-29,284.56,Normal,428.22388,453.9027,430.885,457.74945
2021-03-30,284.56,Normal,397.42438,437.98843,424.17712,427.48257
2021-03-31,265.11,Normal,521.70166,436.76718,415.22595,430.965
2021-04-01,273.15,Normal,422.4849,420.70612,396.28033,420.0326
2021-04-02,292.64,Normal,364.28522,410.02084,387.3268,404.93796
2021-04-03,292.74,Normal,443.97784,399.65955,374.9967,451.50153
2021-04-04,291.69,Normal,371.1069,394.68747,370.9666,399.84653
2021-04-05,292.67,Normal,404.70532,392.2072,372.075,392.45474
2021-04-06,273.22,Normal,376.24225,382.91962,363.03885,381.7717
2021-04-07,253.78,Normal,354.76437,384.89383,366.0087,382.48196
2021-04-08,253.69,Normal,489.75766,376.56458,357.54462,379.94974
2021-04-09,251.85,Normal,346.15063,369.63007,352.8545,372.4802
2021-04-10,263.52,Normal,340.81036,365.82138,349.66962,366.49628
2021-04-11,254.78,Normal,337.98697,357.02838,338.51276,364.14862
2021-04-12,257.78,Normal,328.15155,343.39655,325.745,351.27377
2021-04-13,254.7,Normal,322.3661,335.25378,320.87894,343.04453
2021-04-14,245.11,Normal,313.50784,324.5645,311.26605,331.8427
2021-04-15,235.36,Normal,308.39932,315.54132,300.84198,325.47128
2021-04-16,216.89,Normal,298.9029,305.28793,292.11954,313.3361
2021-04-17,216.8,Normal,293.30548,299.79614,287.82578,306.48526
2021-04-18,216.98,Normal,286.6132,293.36346,283.0041,298.57025
2021-04-19,215.89,Normal,298.58582,290.2845,280.40594,306.86203
2021-04-20,216.89,Normal,287.8397,282.56052,274.67798,289.30756
2021-04-21,216.82,Normal,273.79022,276.9431,270.02008,282.0925
2021-04-22,207.24,Normal,266.22778,266.83795,264.26526,273.4134
2021-04-23,207.17,Normal,261.74155,259.26733,261.0498,267.8508
2021-04-24,198.33,Normal,253.88522,251.52287,253.96512,259.36966
2021-04-25,198.56,Normal,242.44571,243.35237,243.95528,247.70297
2021-04-26,198.44,Normal,230.2865,233.08379,233.1878,235.6969
2021-04-27,188.62,Normal,230.7838,235.32176,237.95807,234.556
2021-04-28,188.83,Normal,233.53835,231.90524,235.90686,233.91107
2021-04-29,188.72,Normal,223.02316,225.41492,230.0259,222.7977
2021-04-30,178.9,Normal,213.55635,219.3031,221.77954,217.16312
2021-05-01,190.66,Normal,205.5133,211.38326,214.32332,208.82301
2021-05-02,186.08,Normal,199.15265,206.56006,210.334,201.67447
2021-05-03,185.15,Normal,192.88515,201.04222,205.12033,195.55106
2021-05-04,175.39,Normal,184.24866,192.24583,195.06082,187.04712
2021-05-05,175.39,Normal,174.55347,182.18227,183.87276,177.94814
2021-05-06,175.39,Normal,171.98894,175.92543,177.24712,172.50743
2021-05-07,183.06,Normal,166.88922,173.85152,175.33946,170.55017
2021-05-08,185.16,Normal,165.75204,172.54823,173.54982,169.66356
2021-05-09,185.0,Normal,164.36945,171.77327,173.93518,167.94424
2021-05-10,156.06,Normal,160.31241,167.2459,168.00424,164.72102
2021-05-11,136.41,Baixa vazao,159.28326,164.87973,166.41379,163.59326
2021-05-12,131.59,Baixa vazao,156.6014,160.73439,162.97128,160.99023
2021-05-13,137.45,Baixa vazao,153.98143,157.26845,160.22217,158.24698
2021-05-14,126.82,Baixa vazao,150.40117,153.31664,156.83565,154.90045
2021-05-15,132.87,Baixa vazao,149.91945,152.83635,156.6914,154.38995
2021-05-16,135.26,Baixa vazao,149.51413,151.61757,156.55037,152.64255
2021-05-17,128.78,Baixa vazao,149.87909,153.48703,158.93024,154.09862
2021-05-18,131.17,Baixa vazao,153.45203,155.23764,161.42982,156.02396
2021-05-19,125.77,Baixa vazao,149.31567,153.59572,159.58932,153.78464
2021-05-20,125.46,Baixa vazao,149.83629,154.21053,158.37918,154.73785
2021-05-21,123.13,Baixa vazao,147.16707,150.70842,156.68387,151.82118
2021-05-22,126.15,Baixa vazao,144.23799,146.87048,151.13786,149.58395
2021-05-23,125.53,Baixa vazao,140.44199,142.20367,147.69667,145.83813
2021-05-24,132.79,Baixa vazao,136.10483,141.59184,146.7886,145.10727
2021-05-25,143.89,Baixa vazao,137.2472,138.90451,144.72977,142.52205
2021-05-26,148.75,Baixa vazao,137.84125,139.53296,145.18404,142.956
2021-05-27,146.32,Baixa vazao,144.02696,145.73433,153.79102,147.65564
2021-05-28,150.62,Baixa vazao,143.27255,146.15686,153.77512,146.83261
2021-05-29,150.74,Baixa vazao,144.53403,147.54713,154.38124,147.9944
2021-05-30,152.24,Baixa vazao,140.93204,141.92764,147.29535,145.30583
2021-05-31,145.78,Baixa vazao,143.05585,145.49013,153.75806,146.11023
2021-06-01,143.26,Baixa vazao,177.17874,144.22166,150.25708,146.38174
2021-06-02,138.64,Baixa vazao,151.12732,147.42802,157.41602,144.6831
2021-06-03,141.26,Baixa vazao,149.59613,160.40598,173.29117,151.331
2021-06-04,154.45,Baixa vazao,170.46039,193.38348,218.90848,164.73427
2021-06-05,154.45,Baixa vazao,187.5296,206.25984,213.71823,193.33908
2021-06-06,162.24,Normal,169.0574,182.26419,189.83385,173.45418
2021-06-07,158.51,Normal,158.62207,167.79259,176.46022,162.48518
2021-06-08,145.26,Baixa vazao,149.98996,157.49615,166.4049,153.87015
2021-06-09,145.38,Baixa vazao,146.89365,154.00119,163.54553,150.34773
2021-06-10,140.75,Baixa vazao,144.44736,149.56154,159.18042,148.12732
2021-06-11,138.83,Baixa vazao,142.07675,147.6899,158.47496,145.54117
2021-06-12,136.89,Baixa vazao,145.50699,147.84543,158.4942,145.83801
2021-06-13,129.99,Baixa vazao,142.09412,147.74815,158.44992,145.72385
2021-06-14,133.77,Baixa vazao,138.63898,143.92464,153.94595,142.57928
2021-06-15,127.98,Baixa vazao,136.52126,141.1291,152.38715,140.39359
2021-06-16,121.47,Baixa vazao,136.04633,141.27034,152.46295,139.9125
2021-06-17,121.28,Baixa vazao,137.14166,141.8343,151.82242,141.2999
2021-06-18,118.19,Baixa vazao,135.37427,138.20181,148.50352,139.59949
2021-06-19,117.41,Baixa vazao,136.47522,139.38799,150.98145,139.7141
2021-06-20,113.17,Baixa vazao,134.10707,137.43349,149.27147,137.36465
2021-06-21,113.57,Baixa vazao,133.10638,135.84995,146.9403,136.83849
2021-06-22,106.67,Baixa vazao,130.55377,134.32959,145.73067,134.24066
2021-06-23,105.06,Baixa vazao,129.70334,132.89032,142.52287,134.14749
2021-06-24,108.3,Baixa vazao,123.84118,126.243065,136.25005,129.24979
2021-06-25,101.89,Baixa vazao,118.66421,120.617584,129.23141,125.2956
2021-06-26,105.13,Baixa vazao,116.95339,118.81975,128.0522,123.53341
2021-06-27,99.81,Baixa vazao,115.35694,116.437706,125.82189,122.08551
2021-06-28,99.81,Baixa vazao,114.211784,115.25421,125.05583,120.74795
2021-06-29,88.0,Baixa vazao,111.838905,113.18459,122.555084,118.73519
2021-06-30,93.24,Baixa vazao,111.71458,113.145905,123.6864,118.49385
2021-07-01,90.62,Baixa vazao,112.01058,113.94543,124.15071,119.05267
2021-07-02,88.5,Baixa vazao,110.93547,110.64985,119.92976,118.40589
2021-07-03,91.96,Baixa vazao,107.831894,108.53467,120.0453,114.68083
2021-07-04,89.88,Baixa vazao,109.031975,109.73671,120.339134,116.26241
2021-07-05,81.31,Baixa vazao,109.169014,108.89703,119.74523,116.42586
2021-07-06,72.82,Baixa vazao,108.603065,108.3204,119.177345,115.761765
2021-07-07,74.91,Baixa vazao,108.93481,108.399086,118.985275,115.80716
2021-07-08,78.15,Baixa vazao,109.59385,108.82881,120.12959,115.80194
2021-07-09,69.58,Baixa vazao,107.65205,106.724144,118.134674,113.789444
2021-07-10,68.73,Baixa vazao,106.57151,105.58851,117.30825,112.5644
2021-07-11,73.58,Baixa vazao,105.37237,104.47792,116.354294,111.574036
2021-07-12,68.33,Baixa vazao,106.45521,105.69399,116.7171,112.760704
2021-07-13,70.82,Baixa vazao,107.93792,106.87779,117.529816,114.009895
2021-07-14,74.3,Baixa vazao,108.471306,107.66361,118.46961,114.02256
2021-07-15,74.49,Baixa vazao,107.2733,105.89679,118.69296,112.637085
2021-07-16,65.28,Baixa vazao,106.93464,104.05381,115.52287,112.69957
2021-07-17,64.07,Baixa vazao,101.408516,97.40795,110.38284,107.91737
2021-07-18,67.34,Baixa vazao,100.43203,98.436066,112.365326,106.91373
2021-07-19,70.26,Baixa vazao,99.150955,96.4991,107.96388,106.64226
2021-07-20,77.67,Baixa vazao,99.48094,95.54819,106.85371,107.02722
2021-07-21,78.67,Baixa vazao,94.54017,91.69868,105.165955,102.26918
2021-07-22,75.89,Baixa vazao,100.3646,98.07431,110.98379,107.17517
2021-07-23,71.33,Baixa vazao,98.95661,95.642105,107.71977,105.88736
2021-07-24,71.33,Baixa vazao,97.08343,92.75393,105.64003,104.34329
2021-07-25,66.7,Baixa vazao,93.425575,88.85931,102.00479,101.35367
2021-07-26,68.56,Baixa vazao,93.20172,89.13413,102.146194,101.20204
2021-07-27,63.84,Baixa vazao,94.92486,91.40754,105.16556,102.412346
2021-07-28,52.73,Baixa vazao,94.82074,91.362885,104.08299,102.5591
2021-07-29,47.56,Baixa vazao,90.94491,87.9361,100.287796,99.66101
2021-07-30,47.64,Baixa vazao,89.7271,87.008224,99.97571,98.768
2021-07-31,52.66,Baixa vazao,90.555405,86.91283,98.50276,99.75011
2021-08-01,53.84,Baixa vazao,88.00579,84.271965,96.915634,97.43347
2021-08-02,46.37,Baixa vazao,85.97977,82.79561,94.8979,95.76867
2021-08-03,46.91,Baixa vazao,85.45169,82.22666,94.831764,95.18819
2021-08-04,51.07,Baixa vazao,84.84406,81.27701,93.30371,94.83017
2021-08-05,50.15,Baixa vazao,91.344185,88.8635,103.193146,99.34856
2021-08-06,53.39,Baixa vazao,92.308525,89.921074,103.29997,100.33189
2021-08-07,50.59,Baixa vazao,89.63674,86.5738,99.70589,98.18348
2021-08-08,51.69,Baixa vazao,89.11164,86.073265,99.07475,97.78506
2021-08-09,53.84,Baixa vazao,88.31075,85.30529,97.660324,97.281334
2021-08-10,50.6,Baixa vazao,86.39947,83.52839,96.29236,95.45177
2021-08-11,50.68,Baixa vazao,86.392204,83.55842,96.17121,95.45177
2021-08-12,63.56,Baixa vazao,88.78573,86.267204,99.584946,97.10391
2021-08-13,63.41,Baixa vazao,107.00873,105.619995,124.16834,111.53722
2021-08-14,67.11,Baixa vazao,87.10787,85.20071,98.95604,96.16426
2021-08-15,64.92,Baixa vazao,89.109085,86.35462,99.055374,97.89621
2021-08-16,64.74,Baixa vazao,85.082466,82.353874,94.99362,94.86313
2021-08-17,57.0,Baixa vazao,81.90957,79.845695,92.91907,92.3597
2021-08-18,48.9,Baixa vazao,105.06222,94.127495,113.77259,94.84961
2021-08-19,48.84,Baixa vazao,108.20846,102.946785,109.32314,110.14474
2021-08-20,49.81,Baixa vazao,88.08346,88.936226,100.96683,97.28584
2021-08-21,51.73,Baixa vazao,82.68077,86.43587,99.65561,92.967766
2021-08-22,51.0,Baixa vazao,89.09181,90.66573,99.16144,98.78061
2021-08-23,49.84,Baixa vazao,81.74874,82.48204,92.7082,92.854904
2021-08-24,51.84,Baixa vazao,78.11639,78.215935,86.87746,90.31205
2021-08-25,50.84,Baixa vazao,74.01188,74.33239,84.56251,86.84532
2021-08-26,52.08,Baixa vazao,72.76545,72.572586,81.633995,86.1264
2021-08-27,48.54,Baixa vazao,74.894585,74.94407,86.283676,87.4301
2021-08-28,57.48,Baixa vazao,76.30651,75.90438,86.413345,88.61131
2021-08-29,58.41,Baixa vazao,77.305756,76.00789,86.53947,89.37163
2021-08-30,49.84,Baixa vazao,72.564354,71.36276,81.92,85.86522
2021-08-31,45.68,Baixa vazao,70.848404,69.54146,80.18266,84.33892
2021-09-01,48.35,Baixa vazao,71.544106,70.42658,81.78204,84.71742
2021-09-02,49.26,Baixa vazao,71.64131,70.783134,83.20439,84.73682
2021-09-03,43.0,Baixa vazao,71.09169,70.18348,81.51706,84.62289
2021-09-04,47.24,Baixa vazao,74.390686,73.42565,85.66467,86.94536
2021-09-05,44.32,Baixa vazao,73.494484,72.319115,83.58057,86.57443
2021-09-06,40.95,Baixa vazao,72.3629,70.93444,82.28462,85.82644
2021-09-07,43.72,Baixa vazao,69.205795,68.22237,79.05145,83.54829
2021-09-08,43.54,Baixa vazao,67.52132,66.53365,76.530136,82.442955
2021-09-09,42.59,Baixa vazao,65.06142,64.17236,74.55817,80.831276
2021-09-10,43.81,Baixa vazao,61.946053,61.924664,72.14262,78.53842
2021-09-11,39.79,Baixa vazao,61.495537,61.472584,72.15272,78.1565
2021-09-12,38.58,Baixa vazao,53.544582,61.904377,72.32043,78.890816
2021-09-13,40.33,Baixa vazao,56.839664,57.286602,67.135925,74.81874
2021-09-14,41.98,Baixa vazao,59.512703,56.38408,66.239334,73.306595
2021-09-15,42.74,Baixa vazao,53.713463,56.252613,66.35584,72.5754
2021-09-16,37.59,Baixa vazao,58.144196,59.70584,71.37419,75.73677
2021-09-17,42.74,Baixa vazao,63.9357,63.91569,76.34601,79.88798
2021-09-18,42.67,Baixa vazao,58.549805,59.707024,71.05304,76.10518
2021-09-19,40.58,Baixa vazao,57.340504,58.837673,69.61733,75.382355
2021-09-20,43.0,Baixa vazao,61.74891,61.848587,73.51398,78.44205
2021-09-21,42.06,Baixa vazao,59.14867,60.262302,71.36562,76.53862
2021-09-22,42.95,Baixa vazao,53.662525,56.1776,65.74791,72.8147
2021-09-23,43.08,Baixa vazao,53.152016,55.3747,65.52788,72.38365
2021-09-24,42.5,Baixa vazao,51.983173,53.877346,63.10867,71.64578
2021-09-25,40.08,Baixa vazao,49.092957,51.912464,61.63227,69.59754
2021-09-26,44.8,Baixa vazao,47.351753,50.510815,60.727215,68.28172
2021-09-27,44.96,Baixa vazao,90.38993,47.238495,55.269226,82.24213
2021-09-28,52.14,Baixa vazao,51.13476,46.590244,54.125366,75.07066
2021-09-29,52.67,Baixa vazao,39.512577,49.67735,63.031883,71.171715
2021-09-30,49.96,Baixa vazao,49.78045,58.84663,62.76542,78.66586
