feature,mean_abs_shap
Q_40100000,156.68288659873252
Q_40330000,73.04703155236656
Q_40850000,66.94386958047681
Q_40930000,33.54725966805716
Q_40060001,25.661152999155906
P_1944063,14.595268014800228
P_1945008,12.095846999253371
P_1945002,9.210861804954495
P_1944059,6.295610604028023
Q_40032000,5.561836078050546
Q_40800001,4.953879774941034
P_2044008,3.1642846659534736
P_2046013,2.4741803629528034
P_2044016,2.186872640600294
P_1946000,1.9120719052791428
P_2044042,0.9414500146126411
P_2045002,0.9336859865998806
P_2044024,0.7217893789370388
Q_40185000,0.26000442096298043
Q_40050000,0.22551719921868085
