regime,feature,mean_abs_shap
Baixa vazao,P_1944059,0.8163248104227251
Baixa vazao,P_1944063,9.277575518897812
Baixa vazao,P_1945002,7.960944902519754
Baixa vazao,P_1945008,8.755785619549725
Baixa vazao,P_1946000,0.31578326229222886
Baixa vazao,P_2044008,0.607902402701275
Baixa vazao,P_2044016,0.32275328399659775
Baixa vazao,P_2044024,0.5550747292181444
Baixa vazao,P_2044042,0.5294169171323684
Baixa vazao,P_2045002,0.4172448827167658
Baixa vazao,P_2046013,0.12597729420288545
Baixa vazao,Q_40032000,7.795616817880986
Baixa vazao,Q_40050000,0.07145920108498223
Baixa vazao,Q_40060001,28.434300377881677
Baixa vazao,Q_40100000,184.20412101927047
Baixa vazao,Q_40185000,0.0
Baixa vazao,Q_40330000,76.15168489423772
Baixa vazao,Q_40800001,6.663660248337031
Baixa vazao,Q_40850000,65.74837759014676
Baixa vazao,Q_40930000,27.888913534030834
Normal,P_1944059,5.437464968431079
Normal,P_1944063,17.8394801067526
Normal,P_1945002,12.647765921662296
Normal,P_1945008,16.963976262950787
Normal,P_1946000,2.368399070346011
Normal,P_2044008,7.6972022256517665
Normal,P_2044016,3.274296368170818
Normal,P_2044024,0.6527609998361937
Normal,P_2044042,1.0835884465934837
Normal,P_2045002,1.8880946347508891
Normal,P_2046013,3.1642937383436087
Normal,Q_40032000,8.659335525150293
Normal,Q_40050000,0.6287542842819467
Normal,Q_40060001,17.49414024139371
Normal,Q_40100000,95.97551204016918
Normal,Q_40185000,0.0868735042943114
Normal,Q_40330000,43.47004520589848
Normal,Q_40800001,1.8735141807483005
Normal,Q_40850000,37.469173258926595
Normal,Q_40930000,25.482733429902606
Alta vazao,P_1944059,8.737836167011066
Alta vazao,P_1944063,31.320597600068307
Alta vazao,P_1945002,30.112215916217107
Alta vazao,P_1945008,19.668351376605212
Alta vazao,P_1946000,3.4789590688741083
Alta vazao,P_2044008,9.57778728096032
Alta vazao,P_2044016,6.059995176300144
Alta vazao,P_2044024,1.3471840138994582
Alta vazao,P_2044042,1.5157090006849594
Alta vazao,P_2045002,1.3589440639578647
Alta vazao,P_2046013,8.039552745634964
Alta vazao,Q_40032000,31.545237509022982
Alta vazao,Q_40050000,3.2049095363292732
Alta vazao,Q_40060001,58.67883880005789
Alta vazao,Q_40100000,419.97916139871217
Alta vazao,Q_40185000,6.522404365585021
Alta vazao,Q_40330000,131.40866776196518
Alta vazao,Q_40800001,6.027861103216959
Alta vazao,Q_40850000,123.56510463777673
Alta vazao,Q_40930000,96.4398779582261
